qseqid	sseqid	pident	length	mismatch	gapopen	qstart	qend	sstart	send	evalue	bitscore	stitle	staxid	lineage	species
ICM0001_COSAG.1_Mamiellophyceae	gi|3117643002|emb|OZ371821.1|	99.944	1776	1	0	1	1776	566260	568035	0	3275	Micromonas bravo strain RCC418 genome assembly, chromosome: 11	296588	cellular organisms;Eukaryota;Viridiplantae;Chlorophyta;Mamiellophyceae;Mamiellales;Mamiellaceae;Micromonas;Micromonas bravo	Micromonas bravo
ICM0002_COSAG.1_Chrysophyceae	gi|5257251|gb|AF123297.1|AF123297	92.758	1795	95	31	3	1776	2	1782	0	2562	Chrysolepidomonas dendrolepidota small subunit ribosomal RNA gene, partial sequence	64707	cellular organisms;Eukaryota;Sar;Stramenopiles;Ochrophyta;Chrysophyceae;Chromulinales;Chrysolepidomonadaceae;Chrysolepidomonas;Chrysolepidomonas dendrolepidota	Chrysolepidomonas dendrolepidota
ICM0003_COSAG.1_Prymnesiophyceae	gi|3204173|emb|AJ004868.1|	95.715	1797	70	5	4	1799	1	1791	0	2887	Prymnesium aff. polylepis 18S rRNA gene, strain PCC200	412153	cellular organisms;Eukaryota;Haptista;Haptophyta;Prymnesiophyceae;Prymnesiales;Prymnesiaceae;Prymnesium;Prymnesium aff. polylepis	Prymnesium aff. polylepis
ICM0005_SAG.1_MALV-I	gi|1185663359|gb|KY979983.1|	99.438	712	4	0	1	712	410	1121	0	1293	Karlodinium veneficum isolate NY13S_37 small subunit ribosomal RNA gene, partial sequence	407301	cellular organisms;Eukaryota;Sar;Alveolata;Dinophyceae;Gymnodiniales;Kareniaceae;Karlodinium;Karlodinium veneficum	Karlodinium veneficum
ICM0006_COSAG.1_MAST-3	gi|1185663430|gb|KY980054.1|	94.501	1673	81	11	27	1689	2	1673	0	2569	Incisomonas marina isolate NY13S_198 small subunit ribosomal RNA gene, partial sequence	1167876	cellular organisms;Eukaryota;Sar;Stramenopiles;Bigyra;Opalozoa;Nanomonadea;Incisomonas;Incisomonas marina	Incisomonas marina
ICM0007_COSAG.1_MAST-3	gi|1185663430|gb|KY980054.1|	94.545	1705	80	13	84	1778	2	1703	0	2621	Incisomonas marina isolate NY13S_198 small subunit ribosomal RNA gene, partial sequence	1167876	cellular organisms;Eukaryota;Sar;Stramenopiles;Bigyra;Opalozoa;Nanomonadea;Incisomonas;Incisomonas marina	Incisomonas marina
ICM0008_SAG.1_Choanoflagellata	gi|173704|gb|L10823.1|AHCSSRRNA	89.792	480	39	10	4	476	529	1005	3.1099999999999997e-168	606	Acanthocoepsis unguiculata 16S-like small subunit ribosomal RNA	698876	cellular organisms;Eukaryota;Opisthokonta;Choanoflagellata;Acanthoecida;Stephanoecidae;Acanthocorbis;Acanthocorbis unguiculata	Acanthocorbis unguiculata
ICM0009_SAG.1_Labyrinthulomycetes	gi|5509890|dbj|AB022111.1|	92.167	1749	110	23	1	1732	26	1764	0	2446	Thraustochytrium multirudimentale gene for 18S rRNA	87105	cellular organisms;Eukaryota;Sar;Stramenopiles;Bigyra;Labyrinthulomycetes;Thraustochytrida;Thraustochytriidae;Thraustochytrium;Thraustochytrium multirudimentale	Thraustochytrium multirudimentale
ICM0010_COSAG.1_MAST-4	gi|329343394|gb|HQ912565.1|	87.735	1810	191	26	6	1802	1	1792	0	2084	Brockmanniella brockmannii strain CCMP151 18S small subunit ribosomal RNA gene, partial sequence	655750	cellular organisms;Eukaryota;Sar;Stramenopiles;Ochrophyta;Bacillariophyta;Mediophyceae;Cymatosirophycidae;Cymatosirales;Cymatosiraceae;Brockmanniella;Brockmanniella brockmannii	Brockmanniella brockmannii
ICM0011_COSAG.1_Chlorarachnea	gi|3047580819|gb|PX213583.1|	87.269	1838	188	34	1	1809	1	1821	0	2056	Filosa sp. NC6 isolate TBS20 small subunit ribosomal RNA gene, partial sequence	3457929	NA	NA
ICM0012_SAG.1_MALV-I	gi|343456256|gb|JF791049.1|	95.714	630	23	4	44	670	36	664	0	1011	Karlodinium micrum clone 7901 18S ribosomal RNA gene, partial sequence	407301	cellular organisms;Eukaryota;Sar;Alveolata;Dinophyceae;Gymnodiniales;Kareniaceae;Karlodinium;Karlodinium veneficum	Karlodinium veneficum
ICM0013_COSAG.1_MAST-1	gi|927412|emb|X80344.1|	91.41	1816	129	22	1	1796	3	1811	0	2464	H.catenoides gene for 18S ribosomal RNA	42384	cellular organisms;Eukaryota;Sar;Stramenopiles;Hyphochytriomycetes;Hyphochytriales;Hyphochytriaceae;Hyphochytrium;Hyphochytrium catenoides	Hyphochytrium catenoides
ICM0014_SAG.1_MAST-1	gi|2732853801|gb|PP795565.1|	90.585	393	27	9	1	389	1182	1568	5.609999999999999e-140	512	Koktebelia satura strain Colp-Nor4 small subunit ribosomal RNA gene, partial sequence	2898046	cellular organisms;Eukaryota;Sar;Stramenopiles;Pirsoniales;Pirsoniaceae;Koktebelia;Koktebelia satura	Koktebelia satura
ICM0015_COSAG.1_Prymnesiophyceae	gi|303431888|emb|AM490987.2|	96.07	1654	54	8	20	1663	1	1653	0	2684	Syracosphaera pulchra partial 18S rRNA gene, strain ALGO GK 17	418946	cellular organisms;Eukaryota;Haptista;Haptophyta;Prymnesiophyceae;Syracosphaerales;Syracosphaeraceae;Syracosphaera;Syracosphaera pulchra	Syracosphaera pulchra
ICM0016_COSAG.1_Dictyochophyceae	gi|642668|gb|L37204.1|TPERRO	93.418	1808	105	12	1	1796	1809	4	0	2669	Pteridomonas danica ribosomal RNA (rRNA)	38822	cellular organisms;Eukaryota;Sar;Stramenopiles;Ochrophyta;Dictyochophyceae;Pedinellales;Pteridomonas;Pteridomonas danica	Pteridomonas danica
ICM0017_SAG.1_MAST-8	gi|1253992822|dbj|LC257669.1|	90.923	1333	99	21	1	1322	450	1771	0	1772	Pseudophyllomitus vesiculosus gene for 18S ribosomal RNA, partial sequence, strain: SRT537	1978334	cellular organisms;Eukaryota;Sar;Stramenopiles;Bigyra;Pseudophyllomitidae;Pseudophyllomitus;Pseudophyllomitus vesiculosus	Pseudophyllomitus vesiculosus
ICM0018_SAG.1_MALV-I	gi|1185663359|gb|KY979983.1|	94.784	1687	71	11	81	1750	1	1687	0	2612	Karlodinium veneficum isolate NY13S_37 small subunit ribosomal RNA gene, partial sequence	407301	cellular organisms;Eukaryota;Sar;Alveolata;Dinophyceae;Gymnodiniales;Kareniaceae;Karlodinium;Karlodinium veneficum	Karlodinium veneficum
ICM0019_COSAG.1_Choanoflagellata	gi|2999022600|gb|PV791352.1|	91.736	1791	126	19	1	1779	4	1784	0	2468	Acanthocorbis camarensis strain BEAP0094 18S ribosomal RNA, partial sequence; internal transcribed spacer 1, 5.8S ribosomal RNA, and internal transcribed spacer 2, complete sequence; and 28S ribosomal RNA, partial sequence	3439054	cellular organisms;Eukaryota;Opisthokonta;Choanoflagellata;Acanthoecida;Stephanoecidae;Acanthocorbis;Acanthocorbis camarensis	Acanthocorbis camarensis
ICM0020_SAG.1_MALV-II	gi|66736972|gb|DQ004734.1|	88.376	1798	170	34	1	1776	2	1782	0	2126	Prorocentrum triestinum clone PtriC small subunit ribosomal RNA gene, partial sequence	39450	cellular organisms;Eukaryota;Sar;Alveolata;Dinophyceae;Prorocentrales;Prorocentraceae;Prorocentrum;Prorocentrum triestinum	Prorocentrum triestinum
ICM0021_SAG.1_MALV-I	gi|1185663359|gb|KY979983.1|	98.046	1689	24	6	80	1761	1	1687	0	2928	Karlodinium veneficum isolate NY13S_37 small subunit ribosomal RNA gene, partial sequence	407301	cellular organisms;Eukaryota;Sar;Alveolata;Dinophyceae;Gymnodiniales;Kareniaceae;Karlodinium;Karlodinium veneficum	Karlodinium veneficum
ICM0022_SAG.1_MALV-II	gi|1828314365|gb|MK405477.1|	89.89	1810	153	28	1	1792	2	1799	0	2305	Prorocentrum micans strain A10 small subunit ribosomal RNA gene, partial sequence; internal transcribed spacer 1, 5.8S ribosomal RNA gene, and internal transcribed spacer 2, complete sequence; and large subunit ribosomal RNA gene, partial sequence	2945	cellular organisms;Eukaryota;Sar;Alveolata;Dinophyceae;Prorocentrales;Prorocentraceae;Prorocentrum;Prorocentrum micans	Prorocentrum micans
ICM0023_SAG.1_MAST-8	gi|2499023739|gb|OQ909084.1|	91.233	1825	133	23	1	1808	3	1817	0	2459	Mastreximonas tlaamin strain PRC5 small subunit ribosomal RNA gene, partial sequence	3043345	cellular organisms;Eukaryota;Sar;Stramenopiles;Bigyra;Bigyra incertae sedis;Mastreximonas;Mastreximonas tlaamin	Mastreximonas tlaamin
ICM0024_COSAG.1_MAST-8	gi|1253992822|dbj|LC257669.1|	90.975	1784	121	31	1	1759	3	1771	0	2366	Pseudophyllomitus vesiculosus gene for 18S ribosomal RNA, partial sequence, strain: SRT537	1978334	cellular organisms;Eukaryota;Sar;Stramenopiles;Bigyra;Pseudophyllomitidae;Pseudophyllomitus;Pseudophyllomitus vesiculosus	Pseudophyllomitus vesiculosus
ICM0025_SAG.1_Dictyochophyceae	gi|2862228905|gb|PQ645539.1|	93.208	1384	66	23	1	1366	25	1398	0	2010	Pseudopedinella elastica isolate AGSB0417 small subunit ribosomal RNA gene, partial sequence; internal transcribed spacer 1, 5.8S ribosomal RNA gene, and internal transcribed spacer 2, complete sequence; and large subunit ribosomal RNA gene, partial sequence	35684	cellular organisms;Eukaryota;Sar;Stramenopiles;Ochrophyta;Dictyochophyceae;Pedinellales;Pseudopedinella;Pseudopedinella elastica	Pseudopedinella elastica
ICM0026_COSAG.1_MAST-1	gi|40644657|emb|AJ561112.1|	91.247	1828	105	38	1	1785	1817	2	0	2438	Pirsonia guinardiae partial 18S rRNA gene, isolate P844	230410	cellular organisms;Eukaryota;Sar;Stramenopiles;Pirsoniales;Pirsoniaceae;Pirsonia;Pirsonia guinardiae	Pirsonia guinardiae
ICM0027_SAG.1_Dictyochophyceae	gi|2862228905|gb|PQ645539.1|	95.082	732	24	10	1	724	672	1399	0	1142	Pseudopedinella elastica isolate AGSB0417 small subunit ribosomal RNA gene, partial sequence; internal transcribed spacer 1, 5.8S ribosomal RNA gene, and internal transcribed spacer 2, complete sequence; and large subunit ribosomal RNA gene, partial sequence	35684	cellular organisms;Eukaryota;Sar;Stramenopiles;Ochrophyta;Dictyochophyceae;Pedinellales;Pseudopedinella;Pseudopedinella elastica	Pseudopedinella elastica
ICM0028_COSAG.1_Mamiellophyceae	gi|65427928|gb|AY954999.1|	97.778	1170	23	3	1	1169	554	1721	0	2013	Micromonas pusilla strain CCMP2099 genotype A 18S ribosomal RNA gene, partial sequence; internal transcribed spacer 1, 5.8S ribosomal RNA gene, and internal transcribed spacer 2, complete sequence; and 26S ribosomal RNA gene, partial sequence	38833	cellular organisms;Eukaryota;Viridiplantae;Chlorophyta;Mamiellophyceae;Mamiellales;Mamiellaceae;Micromonas;Micromonas pusilla	Micromonas pusilla
ICM0031_SAG.1_Chrysophyceae	gi|133901621|gb|EF432518.1|	91.948	1006	65	13	1	994	3	1004	0	1395	Paraphysomonas imperforata clone C1 18S ribosomal RNA gene, partial sequence	37642	cellular organisms;Eukaryota;Sar;Stramenopiles;Ochrophyta;Chrysophyceae;Chromulinales;Paraphysomonadaceae;Paraphysomonas;Paraphysomonas imperforata	Paraphysomonas imperforata
ICM0032_SAG.1_MALV-II	gi|2022381573|gb|MW874840.1|	90.354	622	50	10	20	636	652	1268	0	811	Kirithra sigma clone GYM15 small subunit ribosomal RNA gene, partial sequence	2606406	cellular organisms;Eukaryota;Sar;Alveolata;Dinophyceae;Gymnodiniales;Ceratoperidiniaeceae;Kirithra;Kirithra sigma	Kirithra sigma
ICM0033_SAG.1_MALV-II	gi|1828314365|gb|MK405477.1|	90.182	1813	140	35	2	1791	2	1799	0	2327	Prorocentrum micans strain A10 small subunit ribosomal RNA gene, partial sequence; internal transcribed spacer 1, 5.8S ribosomal RNA gene, and internal transcribed spacer 2, complete sequence; and large subunit ribosomal RNA gene, partial sequence	2945	cellular organisms;Eukaryota;Sar;Alveolata;Dinophyceae;Prorocentrales;Prorocentraceae;Prorocentrum;Prorocentrum micans	Prorocentrum micans
ICM0034_SAG.1_MALV-II	gi|1341122512|gb|MG022774.1|	89.262	1816	154	36	1	1791	6	1805	0	2235	Karenia mikimotoi isolate CCAP 1127/4 small subunit ribosomal RNA gene, partial sequence	225107	cellular organisms;Eukaryota;Sar;Alveolata;Dinophyceae;Gymnodiniales;Kareniaceae;Karenia;Karenia mikimotoi	Karenia mikimotoi
ICM0035_SAG.1_MAST-2	gi|1185663743|gb|KY980367.1|	99.639	554	2	0	496	1049	646	1199	0	1016	Pirsonia guinardiae isolate BH65_88 small subunit ribosomal RNA gene, partial sequence	230410	cellular organisms;Eukaryota;Sar;Stramenopiles;Pirsoniales;Pirsoniaceae;Pirsonia;Pirsonia guinardiae	Pirsonia guinardiae
ICM0036_COSAG.1_Picozoa	gi|477693060|gb|JX988758.1|	96.946	1801	47	8	7	1803	1	1797	0	3014	Picomonas judraskeda 18S ribosomal RNA gene, internal transcribed spacer 1, 5.8S ribosomal RNA gene, internal transcribed spacer 2, and 28S ribosomal RNA gene, complete sequence	1315715	cellular organisms;Eukaryota;Eukaryota incertae sedis;Picozoa;Picomonadea;Picomonadida;Picomonadidae;Picomonas;Picomonas judraskeda	Picomonas judraskeda
ICM0037_SAG.1_MAST-3	gi|1185663430|gb|KY980054.1|	92.857	1624	94	19	78	1689	2	1615	0	2342	Incisomonas marina isolate NY13S_198 small subunit ribosomal RNA gene, partial sequence	1167876	cellular organisms;Eukaryota;Sar;Stramenopiles;Bigyra;Opalozoa;Nanomonadea;Incisomonas;Incisomonas marina	Incisomonas marina
ICM0038_SAG.1_Chrysophyceae	gi|133901621|gb|EF432518.1|	99.107	1792	16	0	1	1792	2	1793	0	3221	Paraphysomonas imperforata clone C1 18S ribosomal RNA gene, partial sequence	37642	cellular organisms;Eukaryota;Sar;Stramenopiles;Ochrophyta;Chrysophyceae;Chromulinales;Paraphysomonadaceae;Paraphysomonas;Paraphysomonas imperforata	Paraphysomonas imperforata
ICM0039_SAG.1_Telonemia	gi|84619365|emb|AJ564773.1|	96.303	1758	53	8	1	1757	20	1766	0	2876	Telonema antarcticum 18S rRNA gene	232288	cellular organisms;Eukaryota;Eukaryota incertae sedis;Telonemia;Telonemida;Telonemidae;Telonema;Telonema antarcticum	Telonema antarcticum
ICM0040_SAG.1_Picozoa	gi|477693060|gb|JX988758.1|	97.896	618	13	0	1	618	158	775	0	1070	Picomonas judraskeda 18S ribosomal RNA gene, internal transcribed spacer 1, 5.8S ribosomal RNA gene, internal transcribed spacer 2, and 28S ribosomal RNA gene, complete sequence	1315715	cellular organisms;Eukaryota;Eukaryota incertae sedis;Picozoa;Picomonadea;Picomonadida;Picomonadidae;Picomonas;Picomonas judraskeda	Picomonas judraskeda
ICM0041_COSAG.1_Chlorarachnea	gi|397310687|gb|JX272635.1|	99.831	1779	2	1	1	1778	2	1780	0	3267	Minorisa minuta isolate 6C1 18S ribosomal RNA gene, partial sequence	1213618	cellular organisms;Eukaryota;Sar;Rhizaria;Cercozoa;Chlorarachniophyceae;Minorisa;Minorisa minuta	Minorisa minuta
ICM0042_COSAG.1_MAST-4	gi|2499023741|gb|OQ909086.1|	90.865	1664	127	20	51	1694	1	1659	0	2207	Vomastramonas tehuelche strain Colp-33 small subunit ribosomal RNA gene, partial sequence	3043346	cellular organisms;Eukaryota;Sar;Stramenopiles;Bigyra;Bigyra incertae sedis;Vomastramonas;Vomastramonas tehuelche	Vomastramonas tehuelche
ICM0043_COSAG.1_MAST-7	gi|2757670952|gb|PQ008747.1|	88.235	1819	161	45	1	1798	20	1806	0	2124	Mallomonas annulata strain CZ34K small subunit ribosomal RNA gene and internal transcribed spacer 1, partial sequence	52548	cellular organisms;Eukaryota;Sar;Stramenopiles;Ochrophyta;Synurophyceae;Synurales;Mallomonadaceae;Mallomonas;Mallomonas annulata	Mallomonas annulata
ICM0044_SAG.1_Labyrinthulomycetes	gi|857458|gb|U21338.1|LHU21338	89.001	1791	145	43	1	1756	6	1779	0	2169	Labyrinthuloides haliotidis 18S ribosomal RNA, partial sequence	38760	cellular organisms;Eukaryota;Sar;Stramenopiles;Bigyra;Labyrinthulomycetes;Thraustochytrida;Thraustochytriidae;Labyrinthulochytrium;Labyrinthulochytrium haliotidis	Labyrinthulochytrium haliotidis
ICM0045_COSAG.1_MAST-3	gi|2071185244|gb|MZ613177.1|	91.163	1788	122	28	22	1797	1	1764	0	2394	Incisomonas marina isolate 6125 small subunit ribosomal RNA gene and internal transcribed spacer 1, partial sequence	1167876	cellular organisms;Eukaryota;Sar;Stramenopiles;Bigyra;Opalozoa;Nanomonadea;Incisomonas;Incisomonas marina	Incisomonas marina
ICM0048_COSAG.1_Chrysophyceae	gi|5257281|gb|AF123301.1|AF123301	91.871	1796	109	29	1	1773	3	1784	0	2477	Epipyxis aurea small subunit ribosomal RNA gene, partial sequence	98050	cellular organisms;Eukaryota;Sar;Stramenopiles;Ochrophyta;Chrysophyceae;Chromulinales;Dinobryaceae;Epipyxis;Epipyxis aurea	Epipyxis aurea
ICM0049_SAG.1_MAST-7	gi|2499023739|gb|OQ909084.1|	93.023	344	23	1	90	433	759	1101	1.37e-136	501	Mastreximonas tlaamin strain PRC5 small subunit ribosomal RNA gene, partial sequence	3043345	cellular organisms;Eukaryota;Sar;Stramenopiles;Bigyra;Bigyra incertae sedis;Mastreximonas;Mastreximonas tlaamin	Mastreximonas tlaamin
ICM0050_SAG.1_MAST-7	gi|2499023739|gb|OQ909084.1|	90.775	1832	117	41	1	1797	2	1816	0	2399	Mastreximonas tlaamin strain PRC5 small subunit ribosomal RNA gene, partial sequence	3043345	cellular organisms;Eukaryota;Sar;Stramenopiles;Bigyra;Bigyra incertae sedis;Mastreximonas;Mastreximonas tlaamin	Mastreximonas tlaamin
ICM0051_COSAG.1_MAST-3	gi|1185663417|gb|KY980041.1|	98.525	1695	24	1	83	1777	1	1694	0	2990	Stephanopyxis turris isolate NY13S_180 small subunit ribosomal RNA gene, partial sequence	515487	cellular organisms;Eukaryota;Sar;Stramenopiles;Ochrophyta;Bacillariophyta;Coscinodiscophyceae;Coscinodiscophycidae;Melosirales;Stephanopyxidaceae;Stephanopyxis;Stephanopyxis turris	Stephanopyxis turris
ICM0052_COSAG.1_MAST-7	gi|927412|emb|X80344.1|	89.074	1803	155	33	1	1774	21	1810	0	2200	H.catenoides gene for 18S ribosomal RNA	42384	cellular organisms;Eukaryota;Sar;Stramenopiles;Hyphochytriomycetes;Hyphochytriales;Hyphochytriaceae;Hyphochytrium;Hyphochytrium catenoides	Hyphochytrium catenoides
ICM0053_COSAG.1_Chrysophyceae	gi|2757670970|gb|PQ008755.1|	93.03	1779	96	22	1	1761	19	1787	0	2573	Mallomonas munda strain CZ38H small subunit ribosomal RNA gene and internal transcribed spacer 1, partial sequence	3233832	cellular organisms;Eukaryota;Sar;Stramenopiles;Ochrophyta;Synurophyceae;Synurales;Mallomonadaceae;Mallomonas;Mallomonas munda	Mallomonas munda
ICM0054_COSAG.1_Labyrinthulomycetes	gi|433687355|gb|JQ967309.1|	85.524	601	65	19	701	1290	669	1258	3.4199999999999996e-168	608	Paraphysomonas sp. 1 JMS-2012 18S ribosomal RNA gene, partial sequence	1274395	cellular organisms;Eukaryota;Sar;Stramenopiles;Ochrophyta;Chrysophyceae;Chromulinales;Paraphysomonadaceae;Paraphysomonas;Paraphysomonas solis	Paraphysomonas solis
ICM0055_SAG.1_Picozoa	gi|477693060|gb|JX988758.1|	97.059	1802	43	10	8	1804	1	1797	0	3025	Picomonas judraskeda 18S ribosomal RNA gene, internal transcribed spacer 1, 5.8S ribosomal RNA gene, internal transcribed spacer 2, and 28S ribosomal RNA gene, complete sequence	1315715	cellular organisms;Eukaryota;Eukaryota incertae sedis;Picozoa;Picomonadea;Picomonadida;Picomonadidae;Picomonas;Picomonas judraskeda	Picomonas judraskeda
ICM0056_SAG.1_Choanoflagellata	gi|157780192|gb|EU011928.1|	94.725	1782	77	16	5	1780	1	1771	0	2754	Savillea micropora 18S ribosomal RNA gene, partial sequence	473817	cellular organisms;Eukaryota;Opisthokonta;Choanoflagellata;Acanthoecida;Acanthoecidae;Savillea;Savillea micropora	Savillea micropora
ICM0058_SAG.1_Cercozoa	gi|3047580860|gb|PX213624.1|	95.262	992	39	6	1	990	833	1818	0	1565	Thaumatomonadida sp. isolate PRC3 small subunit ribosomal RNA gene, partial sequence	1979857	cellular organisms;Eukaryota;Sar;Rhizaria;Cercozoa;Imbricatea;Silicofilosea;Thaumatomonadida;Thaumatomonadida sp.	Thaumatomonadida sp.
ICM0061_SAG.1_Basidiomycota	gi|1859735546|gb|MT644864.1|	99.677	928	3	0	1	928	828	1755	0	1698	Fuscoporia contigua isolate DM1178 small subunit ribosomal RNA gene, partial sequence; internal transcribed spacer 1, 5.8S ribosomal RNA gene, and internal transcribed spacer 2, complete sequence; and large subunit ribosomal RNA gene, partial sequence	167365	cellular organisms;Eukaryota;Opisthokonta;Fungi;Dikarya;Basidiomycota;Agaricomycotina;Agaricomycetes;Agaricomycetes incertae sedis;Hymenochaetales;Hymenochaetaceae;Fuscoporia;Fuscoporia contigua	Fuscoporia contigua
ICM0062_COSAG.1_Mamiellophyceae	gi|1812772020|gb|MT117944.1|	100	1776	0	0	1	1776	7	1782	0	3280	Micromonas bravo strain CCMP1646 small subunit ribosomal RNA gene, partial sequence; internal transcribed spacer 1, 5.8S ribosomal RNA gene, and internal transcribed spacer 2, complete sequence; and large subunit ribosomal RNA gene, partial sequence	296588	cellular organisms;Eukaryota;Viridiplantae;Chlorophyta;Mamiellophyceae;Mamiellales;Mamiellaceae;Micromonas;Micromonas bravo	Micromonas bravo
ICM0063_COSAG.1_Mamiellophyceae	gi|1812772020|gb|MT117944.1|	98.368	1777	26	3	1	1776	7	1781	0	3118	Micromonas bravo strain CCMP1646 small subunit ribosomal RNA gene, partial sequence; internal transcribed spacer 1, 5.8S ribosomal RNA gene, and internal transcribed spacer 2, complete sequence; and large subunit ribosomal RNA gene, partial sequence	296588	cellular organisms;Eukaryota;Viridiplantae;Chlorophyta;Mamiellophyceae;Mamiellales;Mamiellaceae;Micromonas;Micromonas bravo	Micromonas bravo
ICM0064_SAG.1_Mamiellophyceae	gi|1812772020|gb|MT117944.1|	98.368	1777	26	3	1	1776	7	1781	0	3118	Micromonas bravo strain CCMP1646 small subunit ribosomal RNA gene, partial sequence; internal transcribed spacer 1, 5.8S ribosomal RNA gene, and internal transcribed spacer 2, complete sequence; and large subunit ribosomal RNA gene, partial sequence	296588	cellular organisms;Eukaryota;Viridiplantae;Chlorophyta;Mamiellophyceae;Mamiellales;Mamiellaceae;Micromonas;Micromonas bravo	Micromonas bravo
ICM0065_COSAG.1_Prymnesiophyceae	gi|7248629|gb|AF163147.1|AF163147	99.555	1799	8	0	1	1799	2	1800	0	3288	Phaeocystis cordata small subunit ribosomal RNA gene, complete sequence	118079	cellular organisms;Eukaryota;Haptista;Haptophyta;Prymnesiophyceae;Phaeocystales;Phaeocystaceae;Phaeocystis;Phaeocystis cordata	Phaeocystis cordata
ICM0066_SAG.1_Pinguiophyceae	gi|19909884|dbj|AB042204.1|	99.502	1809	7	2	1	1808	3	1810	0	3290	Phaeomonas parva gene for 18S rRNA, complete sequence	124430	cellular organisms;Eukaryota;Sar;Stramenopiles;Ochrophyta;Pinguiophyceae;Pinguiochrysidales;Pinguiochrysidaceae;Phaeomonas;Phaeomonas parva	Phaeomonas parva
ICM0067_COSAG.1_Diatomea	gi|2839792210|gb|PQ512808.1|	99.385	1788	8	3	1	1785	2	1789	0	3238	Pseudo-nitzschia delicatissima isolate CNS00130 small subunit ribosomal RNA gene, partial sequence; internal transcribed spacer 1, 5.8S ribosomal RNA gene, and internal transcribed spacer 2, complete sequence; and large subunit ribosomal RNA gene, partial sequence	44447	cellular organisms;Eukaryota;Sar;Stramenopiles;Ochrophyta;Bacillariophyta;Bacillariophyceae;Bacillariophycidae;Bacillariales;Bacillariaceae;Pseudo-nitzschia;Pseudo-nitzschia delicatissima	Pseudo-nitzschia delicatissima
ICM0068_COSAG.1_Diatomea	gi|2839792220|gb|PQ512818.1|	99.944	1787	1	0	1	1787	2	1788	0	3295	Pseudo-nitzschia galaxiae isolate CNS01103 small subunit ribosomal RNA gene, partial sequence; internal transcribed spacer 1, 5.8S ribosomal RNA gene, and internal transcribed spacer 2, complete sequence; and large subunit ribosomal RNA gene, partial sequence	189737	cellular organisms;Eukaryota;Sar;Stramenopiles;Ochrophyta;Bacillariophyta;Bacillariophyceae;Bacillariophycidae;Bacillariales;Bacillariaceae;Pseudo-nitzschia;Pseudo-nitzschia galaxiae	Pseudo-nitzschia galaxiae
ICM0069_SAG.1_Dictyochophyceae	gi|32454715|gb|AY254857.1|	99.323	1773	10	2	19	1791	1	1771	0	3206	Florenciella parvula 18S ribosomal RNA gene, partial sequence	236787	cellular organisms;Eukaryota;Sar;Stramenopiles;Ochrophyta;Dictyochophyceae;Florenciellales;Florenciella;Florenciella parvula	Florenciella parvula
ICM0070_SAG.1_Chrysophyceae	gi|359385350|emb|FR865768.1|	97.002	1768	46	6	24	1787	1	1765	0	2964	Ochromonas villosa genomic DNA containing 18S rRNA gene, ITS1, 5.8S rRNA gene, ITS2, culture collection CCAP 933/25	1034829	cellular organisms;Eukaryota;Sar;Stramenopiles;Ochrophyta;Chrysophyceae;Chromulinales;Chromulinaceae;Ochromonas;Ochromonas villosa	Ochromonas villosa
ICM0071_SAG.1_Prymnesiophyceae	gi|7799037|emb|AJ246274.1|	98.208	1786	30	2	1	1786	3	1786	0	3120	Chrysochromulina scutellum 18S rRNA gene, strain UIO46 (=G7)	97487	cellular organisms;Eukaryota;Haptista;Haptophyta;Prymnesiophyceae;Prymnesiales;Chrysochromulinaceae;Chrysochromulina;Chrysochromulina scutellum	Chrysochromulina scutellum
ICM0072_SAG.1_Prymnesiophyceae	gi|2865913000|dbj|LC819334.1|	94.757	515	25	2	1	514	982	1495	0	800	Chrysochromulina simplex HrHp561 gene for 18S rRNA, partial sequence	412158	cellular organisms;Eukaryota;Haptista;Haptophyta;Prymnesiophyceae;Prymnesiales;Chrysochromulinaceae;Chrysochromulina;Chrysochromulina simplex	Chrysochromulina simplex
ICM0073_SAG.1_Mamiellophyceae	gi|2772139031|gb|PQ048282.1|	99.698	1655	5	0	46	1700	1	1655	0	3029	Mamiellaceae sp. T74399-1 strain RCC2485 small subunit ribosomal RNA gene, partial sequence	3235065	NA	NA
ICM0074_SAG.1_Diatomea	gi|2202538963|gb|OM891869.1|	98.656	1786	23	1	1	1786	2	1786	0	3164	Cylindrotheca closterium small subunit ribosomal RNA gene, partial sequence; internal transcribed spacer 1, 5.8S ribosomal RNA gene, and internal transcribed spacer 2, complete sequence; and large subunit ribosomal RNA gene, partial sequence	2856	cellular organisms;Eukaryota;Sar;Stramenopiles;Ochrophyta;Bacillariophyta;Bacillariophyceae;Bacillariophycidae;Bacillariales;Bacillariaceae;Cylindrotheca;Cylindrotheca closterium	Cylindrotheca closterium
ICM0075_COSAG.1_MOCH-2	gi|158562840|dbj|AB365026.1|	91.011	1791	114	37	18	1774	1	1778	0	2372	Haramonas viridis gene for 18S ribosomal RNA, partial sequence, strain: TKB-314	478667	cellular organisms;Eukaryota;Sar;Stramenopiles;Ochrophyta;Raphidophyceae;Raphidophyceae incertae sedis;Haramonas;Haramonas viridis	Haramonas viridis
ICM0076_COSAG.1_Chlorodendrophyceae	gi|3045509848|gb|PX136615.1|	99.705	1696	4	1	46	1741	1	1695	0	3103	Tetraselmis convolutae isolate C24R46 small subunit ribosomal RNA gene, partial sequence	34154	cellular organisms;Eukaryota;Viridiplantae;Chlorophyta;core chlorophytes;Chlorodendrophyceae;Chlorodendrales;Chlorodendraceae;Tetraselmis;Tetraselmis convolutae	Tetraselmis convolutae
ICM0077_COSAG.1_Mamiellophyceae	gi|257042797|gb|GQ426331.1|	99.187	1721	12	2	46	1765	1	1720	0	3099	Ostreococcus tauri strain BCC1000 18S ribosomal RNA gene, partial sequence; internal transcribed spacer 1, 5.8S ribosomal RNA gene, and internal transcribed spacer 2, complete sequence; and 28S ribosomal RNA gene, partial sequence	70448	cellular organisms;Eukaryota;Viridiplantae;Chlorophyta;Mamiellophyceae;Mamiellales;Bathycoccaceae;Ostreococcus;Ostreococcus tauri	Ostreococcus tauri
ICM0078_COSAG.1_Prymnesiophyceae	gi|361050182|emb|AM491013.2|	96.038	1767	58	11	1	1763	2	1760	0	2867	Haptolina fragaria partial 18S rRNA gene, strain UIO029 (=S19)	93931	cellular organisms;Eukaryota;Haptista;Haptophyta;Prymnesiophyceae;Prymnesiales;Prymnesiaceae;Haptolina;Haptolina fragaria	Haptolina fragaria
ICM0079_COSAG.1_Chrysophyceae	gi|2757670956|gb|PQ008749.1|	92.38	1798	109	26	1	1780	19	1806	0	2536	Mallomonas doignonii strain CZ08K small subunit ribosomal RNA gene and internal transcribed spacer 1, partial sequence	3233714	cellular organisms;Eukaryota;Sar;Stramenopiles;Ochrophyta;Synurophyceae;Synurales;Mallomonadaceae;Mallomonas;Mallomonas doignonii	Mallomonas doignonii
ICM0081_SAG.1_MAST-12	gi|927412|emb|X80344.1|	88.184	1828	175	31	1	1807	3	1810	0	2141	H.catenoides gene for 18S ribosomal RNA	42384	cellular organisms;Eukaryota;Sar;Stramenopiles;Hyphochytriomycetes;Hyphochytriales;Hyphochytriaceae;Hyphochytrium;Hyphochytrium catenoides	Hyphochytrium catenoides
ICM0082_COSAG.1_Prymnesiophyceae	gi|1594462288|dbj|AB180202.3|	97.432	1791	40	6	1	1788	2	1789	0	3048	Chrysochromulina andersonii genes for 18S rRNA, ITS1, 5.8S rRNA, ITS2, 28S rRNA, complete and partial sequence	2555874	cellular organisms;Eukaryota;Haptista;Haptophyta;Prymnesiophyceae;Prymnesiales;Chrysochromulinaceae;Chrysochromulina;Chrysochromulina andersonii	Chrysochromulina andersonii
ICM0083_SAG.1_Prymnesiophyceae	gi|7799021|emb|AJ246271.1|	99.72	1788	5	0	1	1788	2	1789	0	3278	Prymnesium kappa 18S rRNA gene, strain UIO033 (=EN3)	97486	cellular organisms;Eukaryota;Haptista;Haptophyta;Prymnesiophyceae;Prymnesiales;Prymnesiaceae;Prymnesium;Prymnesium kappa	Prymnesium kappa
ICM0084_SAG.1_Prymnesiophyceae	gi|361050182|emb|AM491013.2|	95.473	1767	68	12	1	1762	21	1780	0	2811	Haptolina fragaria partial 18S rRNA gene, strain UIO029 (=S19)	93931	cellular organisms;Eukaryota;Haptista;Haptophyta;Prymnesiophyceae;Prymnesiales;Prymnesiaceae;Haptolina;Haptolina fragaria	Haptolina fragaria
ICM0085_SAG.1_Chrysophyceae	gi|359385350|emb|FR865768.1|	96.838	1771	51	5	24	1792	1	1768	0	2955	Ochromonas villosa genomic DNA containing 18S rRNA gene, ITS1, 5.8S rRNA gene, ITS2, culture collection CCAP 933/25	1034829	cellular organisms;Eukaryota;Sar;Stramenopiles;Ochrophyta;Chrysophyceae;Chromulinales;Chromulinaceae;Ochromonas;Ochromonas villosa	Ochromonas villosa
ICM0086_SAG.1_Chrysophyceae	gi|2757670956|gb|PQ008749.1|	90.683	1771	133	30	1	1751	31	1789	0	2327	Mallomonas doignonii strain CZ08K small subunit ribosomal RNA gene and internal transcribed spacer 1, partial sequence	3233714	cellular organisms;Eukaryota;Sar;Stramenopiles;Ochrophyta;Synurophyceae;Synurales;Mallomonadaceae;Mallomonas;Mallomonas doignonii	Mallomonas doignonii
ICM0087_SAG.1_Diatomea	gi|1170995461|gb|KY852257.1|	99.944	1770	1	0	1	1770	1	1770	0	3264	Chaetoceros tenuissimus strain newCA3 small subunit ribosomal RNA gene, partial sequence	426638	cellular organisms;Eukaryota;Sar;Stramenopiles;Ochrophyta;Bacillariophyta;Coscinodiscophyceae;Chaetocerotophycidae;Chaetocerotales;Chaetocerotaceae;Chaetoceros;Chaetoceros tenuissimus	Chaetoceros tenuissimus
ICM0088_SAG.1_Mamiellophyceae	gi|290770757|emb|FN562449.1|	97.065	1772	50	2	1	1771	1	1771	0	2985	Dolichomastix tenuilepis 18S rRNA gene (partial), ITS1, 5.8S rRNA gene, ITS2 and 28S rRNA gene (partial), strain M1680	195969	cellular organisms;Eukaryota;Viridiplantae;Chlorophyta;Mamiellophyceae;Dolichomastigales;Dolichomastigaceae;Dolichomastix;Dolichomastix tenuilepis	Dolichomastix tenuilepis
ICM0089_SAG.1_Prymnesiophyceae	gi|2258087995|gb|ON815372.1|	98.347	363	5	1	1	362	1385	1747	2.9399999999999996e-177	636	Chrysochromulina leadbeateri strain UIO-393 small subunit ribosomal RNA gene, partial sequence	412156	cellular organisms;Eukaryota;Haptista;Haptophyta;Prymnesiophyceae;Prymnesiales;Chrysochromulinaceae;Chrysochromulina;Chrysochromulina leadbeateri	Chrysochromulina leadbeateri
ICM0090_SAG.1_Mamiellophyceae	gi|45124833|emb|AJ629844.1|	96.997	1199	32	4	1	1197	543	1739	0	2012	Crustomastix stigmatica partial 18S rRNA gene, strain pras1	195967	cellular organisms;Eukaryota;Viridiplantae;Chlorophyta;Mamiellophyceae;Dolichomastigales;Crustomastigaceae;Crustomastix;Crustomastix stigmatica	Crustomastix stigmatica
ICM0091_COSAG.1_Bolidophyceae	gi|4633658|gb|AF123596.1|	99.496	1785	5	4	1	1784	2	1783	0	3243	Bolidomonas mediterranea 18S ribosomal RNA gene, partial sequence	91991	cellular organisms;Eukaryota;Sar;Stramenopiles;Ochrophyta;Bolidophyceae;Parmales;Triparmaceae;Triparma;Triparma mediterranea	Triparma mediterranea
ICM0092_COSAG.1_Chrysophyceae	gi|2757670952|gb|PQ008747.1|	93.2	1794	100	21	1	1779	19	1805	0	2617	Mallomonas annulata strain CZ34K small subunit ribosomal RNA gene and internal transcribed spacer 1, partial sequence	52548	cellular organisms;Eukaryota;Sar;Stramenopiles;Ochrophyta;Synurophyceae;Synurales;Mallomonadaceae;Mallomonas;Mallomonas annulata	Mallomonas annulata
ICM0094_SAG.1_Centroplasthelida	gi|2970665836|gb|PV607521.1|	95.604	455	16	3	2	452	1	455	0	726	Quendis foliacea strain 0017 small subunit ribosomal RNA gene, partial sequence	3420834	cellular organisms;Eukaryota;Haptista;Centroplasthelida;Pterocystida;unclassified Pterocystida;Pterocystida gen. n. sp. f AB-2025	Pterocystida gen. n. sp. f AB-2025
ICM0095_COSAG.1_Centroplasthelida	gi|2415469388|gb|OQ075977.1|	97.903	1717	32	4	28	1742	1	1715	0	2968	Meringosphaera mediterranea isolate S3 small subunit ribosomal RNA gene, partial sequence	2837474	cellular organisms;Eukaryota;Haptista;Centroplasthelida;Meringosphaera;Meringosphaera mediterranea	Meringosphaera mediterranea
ICM0096_SAG.1_Mamiellophyceae	gi|2743737502|emb|OZ076168.1|	100	724	0	0	1	724	42370	41647	0	1338	Bathycoccus prasinos strain RCC5417 genome assembly, chromosome: 11	41875	cellular organisms;Eukaryota;Viridiplantae;Chlorophyta;Mamiellophyceae;Mamiellales;Bathycoccaceae;Bathycoccus;Bathycoccus prasinos	Bathycoccus prasinos
ICM0097_SAG.1_Diatomea	gi|343456198|gb|JF790991.1|	99.158	1781	11	4	1	1781	1	1777	0	3203	Chaetoceros muellerii clone 1133 18S ribosomal RNA gene, partial sequence	265525	cellular organisms;Eukaryota;Sar;Stramenopiles;Ochrophyta;Bacillariophyta;Coscinodiscophyceae;Chaetocerotophycidae;Chaetocerotales;Chaetocerotaceae;Chaetoceros;Chaetoceros muelleri	Chaetoceros muelleri
ICM0098_SAG.1_Chrysophyceae	gi|219903753|emb|FM955256.1|	93.178	601	38	3	1	599	1157	1756	0	880	Hydrurus foetidus partial 18S rRNA gene	2996	cellular organisms;Eukaryota;Sar;Stramenopiles;Ochrophyta;Chrysophyceae;Hydrurales;Hydruraceae;Hydrurus;Hydrurus foetidus	Hydrurus foetidus
ICM0099_SAG.1_Prymnesiophyceae	gi|7799024|emb|AJ246278.1|	97.204	1788	40	9	1	1782	2	1785	0	3016	Chrysochromulina acantha 18S rRNA gene, strain UIO024 (=T20)	97489	cellular organisms;Eukaryota;Haptista;Haptophyta;Prymnesiophyceae;Prymnesiales;Chrysochromulinaceae;Chrysochromulina;Chrysochromulina acantha	Chrysochromulina acantha
ICM0100_SAG.1_Prymnesiophyceae	gi|7799037|emb|AJ246274.1|	98.544	1786	24	2	1	1786	3	1786	0	3153	Chrysochromulina scutellum 18S rRNA gene, strain UIO46 (=G7)	97487	cellular organisms;Eukaryota;Haptista;Haptophyta;Prymnesiophyceae;Prymnesiales;Chrysochromulinaceae;Chrysochromulina;Chrysochromulina scutellum	Chrysochromulina scutellum
ICM0101_COSAG.1_Prymnesiophyceae	gi|303431906|emb|AM491021.2|	98.152	1786	32	1	1	1785	2	1787	0	3114	Chrysochromulina simplex partial 18S rRNA gene, strain UIO047 (=JomfB)	412158	cellular organisms;Eukaryota;Haptista;Haptophyta;Prymnesiophyceae;Prymnesiales;Chrysochromulinaceae;Chrysochromulina;Chrysochromulina simplex	Chrysochromulina simplex
ICM0102_SAG.1_Prymnesiophyceae	gi|313209110|emb|FN599059.1|	99.179	731	6	0	1	731	312	1042	0	1317	Chrysochromulina acantha partial 18S rRNA gene, strain HAP78	97489	cellular organisms;Eukaryota;Haptista;Haptophyta;Prymnesiophyceae;Prymnesiales;Chrysochromulinaceae;Chrysochromulina;Chrysochromulina acantha	Chrysochromulina acantha
ICM0104_SAG.1_Prymnesiophyceae	gi|7248630|gb|AF163148.1|AF163148	97.999	1799	33	3	1	1798	2	1798	0	3120	Phaeocystis jahnii small subunit ribosomal RNA gene, complete sequence	118080	cellular organisms;Eukaryota;Haptista;Haptophyta;Prymnesiophyceae;Phaeocystales;Phaeocystaceae;Phaeocystis;Phaeocystis jahnii	Phaeocystis jahnii
ICM0106_COSAG.1_Prymnesiophyceae	gi|1954660099|gb|MW451615.1|	99.398	332	2	0	1	332	466	797	2.7099999999999996e-167	603	Chrysochromulina simplex clone Csim_11 small subunit ribosomal RNA gene, partial sequence	412158	cellular organisms;Eukaryota;Haptista;Haptophyta;Prymnesiophyceae;Prymnesiales;Chrysochromulinaceae;Chrysochromulina;Chrysochromulina simplex	Chrysochromulina simplex
ICM0107_COSAG.1_Prymnesiophyceae	gi|7799024|emb|AJ246278.1|	98.351	1759	25	4	1	1759	21	1775	0	3085	Chrysochromulina acantha 18S rRNA gene, strain UIO024 (=T20)	97489	cellular organisms;Eukaryota;Haptista;Haptophyta;Prymnesiophyceae;Prymnesiales;Chrysochromulinaceae;Chrysochromulina;Chrysochromulina acantha	Chrysochromulina acantha
ICM0108_SAG.1_Prymnesiophyceae	gi|1594462288|dbj|AB180202.3|	98.871	620	3	2	1	616	1164	1783	0	1103	Chrysochromulina andersonii genes for 18S rRNA, ITS1, 5.8S rRNA, ITS2, 28S rRNA, complete and partial sequence	2555874	cellular organisms;Eukaryota;Haptista;Haptophyta;Prymnesiophyceae;Prymnesiales;Chrysochromulinaceae;Chrysochromulina;Chrysochromulina andersonii	Chrysochromulina andersonii
ICM0109_SAG.1_Prymnesiophyceae	gi|196460253|emb|AM779755.1|	99.167	1800	15	0	1	1800	2	1801	0	3241	Prymnesium palpebrale 18S rRNA gene, strain UIO 133	462884	cellular organisms;Eukaryota;Haptista;Haptophyta;Prymnesiophyceae;Prymnesiales;Prymnesiaceae;Prymnesium;Prymnesium palpebrale	Prymnesium palpebrale
ICM0110_SAG.1_Prymnesiophyceae	gi|7799023|emb|AJ246273.1|	98.665	1798	17	5	1	1792	2	1798	0	3181	Chrysochromulina campanulifera 18S rRNA gene, strain J10	98217	cellular organisms;Eukaryota;Haptista;Haptophyta;Prymnesiophyceae;Prymnesiales;Chrysochromulinaceae;Chrysochromulina;Chrysochromulina campanulifera	Chrysochromulina campanulifera
ICM0111_SAG.1_Prymnesiophyceae	gi|1954660099|gb|MW451615.1|	98.684	304	4	0	1	304	548	851	1.9499999999999996e-148	540	Chrysochromulina simplex clone Csim_11 small subunit ribosomal RNA gene, partial sequence	412158	cellular organisms;Eukaryota;Haptista;Haptophyta;Prymnesiophyceae;Prymnesiales;Chrysochromulinaceae;Chrysochromulina;Chrysochromulina simplex	Chrysochromulina simplex
ICM0113_SAG.1_Prymnesiophyceae	gi|2258087995|gb|ON815372.1|	97.606	376	8	1	1	375	1372	1747	1.84e-179	643	Chrysochromulina leadbeateri strain UIO-393 small subunit ribosomal RNA gene, partial sequence	412156	cellular organisms;Eukaryota;Haptista;Haptophyta;Prymnesiophyceae;Prymnesiales;Chrysochromulinaceae;Chrysochromulina;Chrysochromulina leadbeateri	Chrysochromulina leadbeateri
ICM0114_SAG.1_Prymnesiophyceae	gi|7248630|gb|AF163148.1|AF163148	96.835	1801	48	9	1	1797	2	1797	0	3001	Phaeocystis jahnii small subunit ribosomal RNA gene, complete sequence	118080	cellular organisms;Eukaryota;Haptista;Haptophyta;Prymnesiophyceae;Phaeocystales;Phaeocystaceae;Phaeocystis;Phaeocystis jahnii	Phaeocystis jahnii
ICM0115_COSAG.1_Prymnesiophyceae	gi|1594462288|dbj|AB180202.3|	97.098	1792	45	6	1	1788	1	1789	0	3014	Chrysochromulina andersonii genes for 18S rRNA, ITS1, 5.8S rRNA, ITS2, 28S rRNA, complete and partial sequence	2555874	cellular organisms;Eukaryota;Haptista;Haptophyta;Prymnesiophyceae;Prymnesiales;Chrysochromulinaceae;Chrysochromulina;Chrysochromulina andersonii	Chrysochromulina andersonii
ICM0116_SAG.1_Prymnesiophyceae	gi|7799037|emb|AJ246274.1|	99.357	311	2	0	1	311	964	1274	1.19e-155	564	Chrysochromulina scutellum 18S rRNA gene, strain UIO46 (=G7)	97487	cellular organisms;Eukaryota;Haptista;Haptophyta;Prymnesiophyceae;Prymnesiales;Chrysochromulinaceae;Chrysochromulina;Chrysochromulina scutellum	Chrysochromulina scutellum
ICM0117_SAG.1_Prymnesiophyceae	gi|7799023|emb|AJ246273.1|	98.601	786	9	2	1	785	1014	1798	0	1389	Chrysochromulina campanulifera 18S rRNA gene, strain J10	98217	cellular organisms;Eukaryota;Haptista;Haptophyta;Prymnesiophyceae;Prymnesiales;Chrysochromulinaceae;Chrysochromulina;Chrysochromulina campanulifera	Chrysochromulina campanulifera
ICM0118_SAG.1_Prymnesiophyceae	gi|7799024|emb|AJ246278.1|	98.368	1777	25	4	1	1777	3	1775	0	3118	Chrysochromulina acantha 18S rRNA gene, strain UIO024 (=T20)	97489	cellular organisms;Eukaryota;Haptista;Haptophyta;Prymnesiophyceae;Prymnesiales;Chrysochromulinaceae;Chrysochromulina;Chrysochromulina acantha	Chrysochromulina acantha
ICM0119_SAG.1_Dinoflagellata	gi|343456240|gb|JF791033.1|	97.832	369	5	1	1	369	1412	1777	1.0799999999999997e-176	634	Lepidodinium viride clone 3929 18S ribosomal RNA gene, partial sequence	66471	cellular organisms;Eukaryota;Sar;Alveolata;Dinophyceae;Gymnodiniales;Gymnodiniaceae;Lepidodinium;Lepidodinium viride	Lepidodinium viride
ICM0120_COSAG.1_Prymnesiophyceae	gi|303431906|emb|AM491021.2|	98.061	619	12	0	1	619	1169	1787	0	1077	Chrysochromulina simplex partial 18S rRNA gene, strain UIO047 (=JomfB)	412158	cellular organisms;Eukaryota;Haptista;Haptophyta;Prymnesiophyceae;Prymnesiales;Chrysochromulinaceae;Chrysochromulina;Chrysochromulina simplex	Chrysochromulina simplex
ICM0121_SAG.1_Prymnesiophyceae	gi|7799037|emb|AJ246274.1|	97.672	1761	35	6	1	1759	21	1777	0	3020	Chrysochromulina scutellum 18S rRNA gene, strain UIO46 (=G7)	97487	cellular organisms;Eukaryota;Haptista;Haptophyta;Prymnesiophyceae;Prymnesiales;Chrysochromulinaceae;Chrysochromulina;Chrysochromulina scutellum	Chrysochromulina scutellum
ICM0122_COSAG.1_Prymnesiophyceae	gi|303431906|emb|AM491021.2|	99.832	1786	3	0	2	1787	2	1787	0	3282	Chrysochromulina simplex partial 18S rRNA gene, strain UIO047 (=JomfB)	412158	cellular organisms;Eukaryota;Haptista;Haptophyta;Prymnesiophyceae;Prymnesiales;Chrysochromulinaceae;Chrysochromulina;Chrysochromulina simplex	Chrysochromulina simplex
ICM0123_SAG.1_Prymnesiophyceae	gi|7799037|emb|AJ246274.1|	97.65	1787	39	3	1	1786	2	1786	0	3064	Chrysochromulina scutellum 18S rRNA gene, strain UIO46 (=G7)	97487	cellular organisms;Eukaryota;Haptista;Haptophyta;Prymnesiophyceae;Prymnesiales;Chrysochromulinaceae;Chrysochromulina;Chrysochromulina scutellum	Chrysochromulina scutellum
ICM0124_SAG.1_Prymnesiophyceae	gi|303431906|emb|AM491021.2|	99.384	1786	11	0	1	1786	2	1787	0	3238	Chrysochromulina simplex partial 18S rRNA gene, strain UIO047 (=JomfB)	412158	cellular organisms;Eukaryota;Haptista;Haptophyta;Prymnesiophyceae;Prymnesiales;Chrysochromulinaceae;Chrysochromulina;Chrysochromulina simplex	Chrysochromulina simplex
ICM0125_SAG.1_Prymnesiophyceae	gi|7799024|emb|AJ246278.1|	99.159	1784	14	1	1	1783	2	1785	0	3210	Chrysochromulina acantha 18S rRNA gene, strain UIO024 (=T20)	97489	cellular organisms;Eukaryota;Haptista;Haptophyta;Prymnesiophyceae;Prymnesiales;Chrysochromulinaceae;Chrysochromulina;Chrysochromulina acantha	Chrysochromulina acantha
ICM0126_SAG.1_Prymnesiophyceae	gi|1594462288|dbj|AB180202.3|	99.218	1790	13	1	1	1790	1	1789	0	3227	Chrysochromulina andersonii genes for 18S rRNA, ITS1, 5.8S rRNA, ITS2, 28S rRNA, complete and partial sequence	2555874	cellular organisms;Eukaryota;Haptista;Haptophyta;Prymnesiophyceae;Prymnesiales;Chrysochromulinaceae;Chrysochromulina;Chrysochromulina andersonii	Chrysochromulina andersonii
ICM0127_SAG.1_Prymnesiophyceae	gi|303431906|emb|AM491021.2|	99.888	1786	2	0	1	1786	2	1787	0	3288	Chrysochromulina simplex partial 18S rRNA gene, strain UIO047 (=JomfB)	412158	cellular organisms;Eukaryota;Haptista;Haptophyta;Prymnesiophyceae;Prymnesiales;Chrysochromulinaceae;Chrysochromulina;Chrysochromulina simplex	Chrysochromulina simplex
ICM0128_SAG.1_Prymnesiophyceae	gi|166408045|emb|AM491018.1|	98.347	847	13	1	1	846	2	848	0	1485	Chrysochromulina cymbium partial 18S rRNA gene, strain UIO R18	412154	cellular organisms;Eukaryota;Haptista;Haptophyta;Prymnesiophyceae;Prymnesiales;Chrysochromulinaceae;Chrysochromulina;Chrysochromulina cymbium	Chrysochromulina cymbium
ICM0129_SAG.1_Prymnesiophyceae	gi|7799037|emb|AJ246274.1|	97.669	1759	37	4	1	1757	21	1777	0	3018	Chrysochromulina scutellum 18S rRNA gene, strain UIO46 (=G7)	97487	cellular organisms;Eukaryota;Haptista;Haptophyta;Prymnesiophyceae;Prymnesiales;Chrysochromulinaceae;Chrysochromulina;Chrysochromulina scutellum	Chrysochromulina scutellum
ICM0130_SAG.1_Prymnesiophyceae	gi|7799037|emb|AJ246274.1|	97.385	1759	44	2	1	1759	21	1777	0	2992	Chrysochromulina scutellum 18S rRNA gene, strain UIO46 (=G7)	97487	cellular organisms;Eukaryota;Haptista;Haptophyta;Prymnesiophyceae;Prymnesiales;Chrysochromulinaceae;Chrysochromulina;Chrysochromulina scutellum	Chrysochromulina scutellum
ICM0131_SAG.1_Prymnesiophyceae	gi|1594462288|dbj|AB180202.3|	98.056	1389	23	4	1	1388	388	1773	0	2412	Chrysochromulina andersonii genes for 18S rRNA, ITS1, 5.8S rRNA, ITS2, 28S rRNA, complete and partial sequence	2555874	cellular organisms;Eukaryota;Haptista;Haptophyta;Prymnesiophyceae;Prymnesiales;Chrysochromulinaceae;Chrysochromulina;Chrysochromulina andersonii	Chrysochromulina andersonii
ICM0133_SAG.1_Kinetoplastea	gi|77994641|gb|DQ207579.1|	88.039	1739	154	45	1	1725	16	1714	0	2010	Neobodo designis strain HFCC9 18S ribosomal RNA gene, partial sequence	312471	cellular organisms;Eukaryota;Discoba;Euglenozoa;Kinetoplastea;Metakinetoplastina;Neobodonida;Neobodo;Neobodo designis	Neobodo designis
ICM0134_COSAG.1_MAST-7	gi|1253992822|dbj|LC257669.1|	89.937	1272	94	30	1	1249	511	1771	0	1609	Pseudophyllomitus vesiculosus gene for 18S ribosomal RNA, partial sequence, strain: SRT537	1978334	cellular organisms;Eukaryota;Sar;Stramenopiles;Bigyra;Pseudophyllomitidae;Pseudophyllomitus;Pseudophyllomitus vesiculosus	Pseudophyllomitus vesiculosus
ICM0135_SAG.1_Cercozoa	gi|13160648|gb|AF290540.1|AF290540	98.679	1817	24	0	1	1817	2	1818	0	3225	Cryothecomonas longipes small subunit ribosomal RNA gene, complete sequence	151027	cellular organisms;Eukaryota;Sar;Rhizaria;Cercozoa;Thecofilosea;Cryomonadida;Protaspidae;Cryothecomonas;Cryothecomonas longipes	Cryothecomonas longipes
ICM0136_SAG.1_MAST-3	gi|304423175|gb|HM163291.1|	95.136	1254	49	10	13	1258	424	1673	0	1973	Solenicola setigera isolate FG712 18S ribosomal RNA gene, partial sequence	877583	cellular organisms;Eukaryota;Sar;Stramenopiles;Bigyra;Opalozoa;Nanomonadea;Solenicola;Solenicola setigera	Solenicola setigera
ICM0137_SAG.1_Tunicaraptor	gi|1855020269|gb|MT611055.1|	98.094	1784	34	0	1	1784	4	1787	0	3107	Tunicaraptor unikontum isolate Opistho-3 small subunit ribosomal RNA gene and internal transcribed spacer 1, partial sequence	2744139	cellular organisms;Eukaryota;Opisthokonta;Opisthokonta incertae sedis;Tunicaraptor;Tunicaraptor unikontum	Tunicaraptor unikontum
ICM0138_SAG.1_MAST-9	gi|2499023741|gb|OQ909086.1|	89.37	1731	140	36	32	1727	1	1722	0	2139	Vomastramonas tehuelche strain Colp-33 small subunit ribosomal RNA gene, partial sequence	3043346	cellular organisms;Eukaryota;Sar;Stramenopiles;Bigyra;Bigyra incertae sedis;Vomastramonas;Vomastramonas tehuelche	Vomastramonas tehuelche
ICM0139_SAG.1_Chlorarachnea	gi|424124|gb|U03477.1|CRU03477	99.157	1779	11	3	1	1778	2	1777	0	3199	Chlorarachnion reptans CCMP 238 clones pF55 and pF56 18S rRNA small subunit	29199	cellular organisms;Eukaryota;Sar;Rhizaria;Cercozoa;Chlorarachniophyceae;Chlorarachnion;Chlorarachnion reptans	Chlorarachnion reptans
ICM0140_COSAG.1_Chlorodendrophyceae	gi|371782098|emb|HE610130.1|	97.427	1749	43	2	20	1768	1	1747	0	2979	Tetraselmis cordiformis 18S rRNA gene (partial), 5.8S rRNA gene, 28S rRNA gene (partial), ITS1 and ITS2, strain SAG 26.82	426497	cellular organisms;Eukaryota;Viridiplantae;Chlorophyta;core chlorophytes;Chlorodendrophyceae;Chlorodendrales;Chlorodendraceae;Tetraselmis;Tetraselmis cordiformis	Tetraselmis cordiformis
ICM0141_SAG.1_Diatomea	gi|2839792218|gb|PQ512816.1|	100	692	0	0	1	692	1098	1789	0	1279	Pseudo-nitzschia brasiliana isolate CNS01029 small subunit ribosomal RNA gene, partial sequence; internal transcribed spacer 1, 5.8S ribosomal RNA gene, and internal transcribed spacer 2, complete sequence; and large subunit ribosomal RNA gene, partial sequence	195935	cellular organisms;Eukaryota;Sar;Stramenopiles;Ochrophyta;Bacillariophyta;Bacillariophyceae;Bacillariophycidae;Bacillariales;Bacillariaceae;Pseudo-nitzschia;Pseudo-nitzschia brasiliana	Pseudo-nitzschia brasiliana
ICM0142_SAG.1_Prymnesiophyceae	gi|7799037|emb|AJ246274.1|	97.331	1761	42	5	1	1760	21	1777	0	2987	Chrysochromulina scutellum 18S rRNA gene, strain UIO46 (=G7)	97487	cellular organisms;Eukaryota;Haptista;Haptophyta;Prymnesiophyceae;Prymnesiales;Chrysochromulinaceae;Chrysochromulina;Chrysochromulina scutellum	Chrysochromulina scutellum
ICM0143_SAG.1_Choanoflagellata	gi|157780187|gb|EU011923.1|	96.106	1053	38	3	128	1179	816	1866	0	1714	Didymoeca costata 18S ribosomal RNA gene, partial sequence	459534	cellular organisms;Eukaryota;Opisthokonta;Choanoflagellata;Acanthoecida;Stephanoecidae;Didymoeca;Didymoeca costata	Didymoeca costata
ICM0144_SAG.1_MAST-3	gi|2071185244|gb|MZ613177.1|	91.161	1765	122	26	4	1755	1	1744	0	2364	Incisomonas marina isolate 6125 small subunit ribosomal RNA gene and internal transcribed spacer 1, partial sequence	1167876	cellular organisms;Eukaryota;Sar;Stramenopiles;Bigyra;Opalozoa;Nanomonadea;Incisomonas;Incisomonas marina	Incisomonas marina
ICM0145_SAG.1_Choanoflagellata	gi|948564302|gb|KT757415.1|	95.961	1114	38	6	1	1111	637	1746	0	1801	Acanthoeca spectabilis 18S small subunit ribosomal RNA gene, partial sequence	81533	cellular organisms;Eukaryota;Opisthokonta;Choanoflagellata;Acanthoecida;Acanthoecidae;Acanthoeca;Acanthoeca spectabilis	Acanthoeca spectabilis
ICM0146_SAG.1_Ciliophora	gi|1027316082|gb|KU525755.1|	97.244	1125	31	0	1	1125	369	1493	0	1906	Spirotontonia grandis isolate SW2013110802 small subunit ribosomal RNA gene, partial sequence; internal transcribed spacer 1 and 5.8S ribosomal RNA gene, complete sequence; and internal transcribed spacer 2, partial sequence	641227	cellular organisms;Eukaryota;Sar;Alveolata;Ciliophora;Intramacronucleata;Spirotrichea;Oligotrichia;Tontoniidae;Spirotontonia;Spirotontonia grandis	Spirotontonia grandis
ICM0147_SAG.1_Picozoa	gi|477693060|gb|JX988758.1|	96.11	1131	39	5	1	1129	670	1797	0	1840	Picomonas judraskeda 18S ribosomal RNA gene, internal transcribed spacer 1, 5.8S ribosomal RNA gene, internal transcribed spacer 2, and 28S ribosomal RNA gene, complete sequence	1315715	cellular organisms;Eukaryota;Eukaryota incertae sedis;Picozoa;Picomonadea;Picomonadida;Picomonadidae;Picomonas;Picomonas judraskeda	Picomonas judraskeda
