sag_id	cluster
ICM0001_COSAG.1_Mamiellophyceae	1
ICM0002_COSAG.1_Chrysophyceae	4
ICM0003_COSAG.1_Prymnesiophyceae	1
ICM0004_COSAG.1_Prymnesiophyceae	1
ICM0005_SAG.1_MALV-I	5
ICM0006_COSAG.1_MAST-3	1
ICM0007_COSAG.1_MAST-3	1
ICM0008_SAG.1_Choanoflagellata	1
ICM0009_SAG.1_Labyrinthulomycetes	2
ICM0010_COSAG.1_MAST-4	2
ICM0011_COSAG.1_Chlorarachnea	5
ICM0012_SAG.1_MALV-I	5
ICM0013_COSAG.1_MAST-1	2
ICM0014_SAG.1_MAST-1	5
ICM0015_COSAG.1_Prymnesiophyceae	1
ICM0016_COSAG.1_Dictyochophyceae	2
ICM0017_SAG.1_MAST-8	1
ICM0018_SAG.1_MALV-I	3
ICM0019_COSAG.1_Choanoflagellata	2
ICM0020_SAG.1_MALV-II	1
ICM0021_SAG.1_MALV-I	3
ICM0022_SAG.1_MALV-II	5
ICM0023_SAG.1_MAST-8	3
ICM0024_COSAG.1_MAST-8	1
ICM0025_SAG.1_Dictyochophyceae	2
ICM0026_COSAG.1_MAST-1	3
ICM0027_SAG.1_Dictyochophyceae	2
ICM0028_COSAG.1_Mamiellophyceae	2
ICM0029_SAG.1_Chrysophyceae	1
ICM0030_SAG.1_Mamiellophyceae	1
ICM0031_SAG.1_Chrysophyceae	1
ICM0032_SAG.1_MALV-II	2
ICM0033_SAG.1_MALV-II	5
ICM0034_SAG.1_MALV-II	5
ICM0035_SAG.1_MAST-2	4
ICM0036_COSAG.1_Picozoa	3
ICM0037_SAG.1_MAST-3	2
ICM0038_SAG.1_Chrysophyceae	2
ICM0039_SAG.1_Telonemia	5
ICM0040_SAG.1_Picozoa	4
ICM0041_COSAG.1_Chlorarachnea	1
ICM0042_COSAG.1_MAST-4	2
ICM0043_COSAG.1_MAST-7	1
ICM0044_SAG.1_Labyrinthulomycetes	1
ICM0045_COSAG.1_MAST-3	4
ICM0046_SAG.1_MAST-3	3
ICM0047_SAG.1_Endomyxa	2
ICM0048_COSAG.1_Chrysophyceae	1
ICM0049_SAG.1_MAST-7	2
ICM0050_SAG.1_MAST-7	2
ICM0051_COSAG.1_MAST-3	1
ICM0052_COSAG.1_MAST-7	2
ICM0053_COSAG.1_Chrysophyceae	4
ICM0054_COSAG.1_Labyrinthulomycetes	1
ICM0055_SAG.1_Picozoa	1
ICM0056_SAG.1_Choanoflagellata	2
ICM0057_COSAG.1_Unknown	1
ICM0058_SAG.1_Cercozoa	5
ICM0059_SAG.1_MAST-7	2
ICM0060_SAG.1_MAST-1	1
ICM0061_SAG.1_Basidiomycota	4
ICM0062_COSAG.1_Mamiellophyceae	2
ICM0063_COSAG.1_Mamiellophyceae	2
ICM0064_SAG.1_Mamiellophyceae	2
ICM0065_COSAG.1_Prymnesiophyceae	3
ICM0066_SAG.1_Pinguiophyceae	4
ICM0067_COSAG.1_Diatomea	4
ICM0068_COSAG.1_Diatomea	2
ICM0069_SAG.1_Dictyochophyceae	5
ICM0070_SAG.1_Chrysophyceae	2
ICM0071_SAG.1_Prymnesiophyceae	5
ICM0072_SAG.1_Prymnesiophyceae	2
ICM0073_SAG.1_Mamiellophyceae	4
ICM0074_SAG.1_Diatomea	2
ICM0075_COSAG.1_MOCH-2	1
ICM0076_COSAG.1_Chlorodendrophyceae	5
ICM0077_COSAG.1_Mamiellophyceae	1
ICM0078_COSAG.1_Prymnesiophyceae	2
ICM0079_COSAG.1_Chrysophyceae	1
ICM0080_SAG.1_Chrysophyceae	4
ICM0081_SAG.1_MAST-12	3
ICM0082_COSAG.1_Prymnesiophyceae	2
ICM0083_SAG.1_Prymnesiophyceae	3
ICM0084_SAG.1_Prymnesiophyceae	5
ICM0085_SAG.1_Chrysophyceae	2
ICM0086_SAG.1_Chrysophyceae	1
ICM0087_SAG.1_Diatomea	2
ICM0088_SAG.1_Mamiellophyceae	3
ICM0089_SAG.1_Prymnesiophyceae	2
ICM0090_SAG.1_Mamiellophyceae	1
ICM0091_COSAG.1_Bolidophyceae	1
ICM0092_COSAG.1_Chrysophyceae	4
ICM0093_SAG.1_Chlorophyta	2
ICM0094_SAG.1_Centroplasthelida	2
ICM0095_COSAG.1_Centroplasthelida	2
ICM0096_SAG.1_Mamiellophyceae	1
ICM0097_SAG.1_Diatomea	1
ICM0098_SAG.1_Chrysophyceae	1
ICM0099_SAG.1_Prymnesiophyceae	2
ICM0100_SAG.1_Prymnesiophyceae	5
ICM0101_COSAG.1_Prymnesiophyceae	4
ICM0102_SAG.1_Prymnesiophyceae	2
ICM0103_SAG.1_Prymnesiophyceae	4
ICM0104_SAG.1_Prymnesiophyceae	5
ICM0105_SAG.1_Prymnesiophyceae	2
ICM0106_COSAG.1_Prymnesiophyceae	4
ICM0107_COSAG.1_Prymnesiophyceae	4
ICM0108_SAG.1_Prymnesiophyceae	4
ICM0109_SAG.1_Prymnesiophyceae	4
ICM0110_SAG.1_Prymnesiophyceae	4
ICM0111_SAG.1_Prymnesiophyceae	3
ICM0112_SAG.1_Prymnesiophyceae	4
ICM0113_SAG.1_Prymnesiophyceae	4
ICM0114_SAG.1_Prymnesiophyceae	2
ICM0115_COSAG.1_Prymnesiophyceae	1
ICM0116_SAG.1_Prymnesiophyceae	4
ICM0117_SAG.1_Prymnesiophyceae	4
ICM0118_SAG.1_Prymnesiophyceae	4
ICM0120_COSAG.1_Prymnesiophyceae	4
ICM0121_SAG.1_Prymnesiophyceae	4
ICM0122_COSAG.1_Prymnesiophyceae	4
ICM0123_SAG.1_Prymnesiophyceae	2
ICM0124_SAG.1_Prymnesiophyceae	2
ICM0125_SAG.1_Prymnesiophyceae	4
ICM0126_SAG.1_Prymnesiophyceae	4
ICM0127_SAG.1_Prymnesiophyceae	4
ICM0128_SAG.1_Prymnesiophyceae	2
ICM0129_SAG.1_Prymnesiophyceae	4
ICM0130_SAG.1_Prymnesiophyceae	2
ICM0131_SAG.1_Prymnesiophyceae	2
ICM0132_SAG.1_Prymnesiophyceae	4
ICM0133_SAG.1_Kinetoplastea	1
ICM0134_COSAG.1_MAST-7	2
ICM0135_SAG.1_Cercozoa	5
ICM0136_SAG.1_MAST-3	4
ICM0137_SAG.1_Tunicaraptor	2
ICM0138_SAG.1_MAST-9	3
ICM0139_SAG.1_Chlorarachnea	5
ICM0140_COSAG.1_Chlorodendrophyceae	5
ICM0141_SAG.1_Diatomea	4
ICM0142_SAG.1_Prymnesiophyceae	4
ICM0143_SAG.1_Choanoflagellata	4
ICM0144_SAG.1_MAST-3	4
ICM0145_SAG.1_Choanoflagellata	4
ICM0147_SAG.1_Picozoa	4
