KU525755.1	cellular organisms;Eukaryota;Sar;Alveolata;Ciliophora;Intramacronucleata;Spirotrichea;Oligotrichia;Tontoniidae;Spirotontonia;Spirotontonia grandis
KY852257.1	cellular organisms;Eukaryota;Sar;Stramenopiles;Ochrophyta;Bacillariophyta;Coscinodiscophyceae;Chaetocerotophycidae;Chaetocerotales;Chaetocerotaceae;Chaetoceros;Chaetoceros tenuissimus
KY979983.1	cellular organisms;Eukaryota;Sar;Alveolata;Dinophyceae;Gymnodiniales;Kareniaceae;Karlodinium;Karlodinium veneficum
KY980041.1	cellular organisms;Eukaryota;Sar;Stramenopiles;Ochrophyta;Bacillariophyta;Coscinodiscophyceae;Coscinodiscophycidae;Melosirales;Stephanopyxidaceae;Stephanopyxis;Stephanopyxis turris
KY980054.1	cellular organisms;Eukaryota;Sar;Stramenopiles;Bigyra;Opalozoa;Nanomonadea;Incisomonas;Incisomonas marina
KY980367.1	cellular organisms;Eukaryota;Sar;Stramenopiles;Pirsoniales;Pirsoniaceae;Pirsonia;Pirsonia guinardiae
LC257669.1	cellular organisms;Eukaryota;Sar;Stramenopiles;Bigyra;Pseudophyllomitidae;Pseudophyllomitus;Pseudophyllomitus vesiculosus
AF290540.1	cellular organisms;Eukaryota;Sar;Rhizaria;Cercozoa;Thecofilosea;Cryomonadida;Protaspidae;Cryothecomonas;Cryothecomonas longipes
EF432518.1	cellular organisms;Eukaryota;Sar;Stramenopiles;Ochrophyta;Chrysophyceae;Chromulinales;Paraphysomonadaceae;Paraphysomonas;Paraphysomonas imperforata
MG022774.1	cellular organisms;Eukaryota;Sar;Alveolata;Dinophyceae;Gymnodiniales;Kareniaceae;Karenia;Karenia mikimotoi
EU011923.1	cellular organisms;Eukaryota;Opisthokonta;Choanoflagellata;Acanthoecida;Stephanoecidae;Didymoeca;Didymoeca costata
EU011928.1	cellular organisms;Eukaryota;Opisthokonta;Choanoflagellata;Acanthoecida;Acanthoecidae;Savillea;Savillea micropora
AB365026.1	cellular organisms;Eukaryota;Sar;Stramenopiles;Ochrophyta;Raphidophyceae;Raphidophyceae incertae sedis;Haramonas;Haramonas viridis
AB180202.3	cellular organisms;Eukaryota;Haptista;Haptophyta;Prymnesiophyceae;Prymnesiales;Chrysochromulinaceae;Chrysochromulina;Chrysochromulina andersonii
AM491018.1	cellular organisms;Eukaryota;Haptista;Haptophyta;Prymnesiophyceae;Prymnesiales;Chrysochromulinaceae;Chrysochromulina;Chrysochromulina cymbium
L10823.1	cellular organisms;Eukaryota;Opisthokonta;Choanoflagellata;Acanthoecida;Stephanoecidae;Acanthocorbis;Acanthocorbis unguiculata
MT117944.1	cellular organisms;Eukaryota;Viridiplantae;Chlorophyta;Mamiellophyceae;Mamiellales;Mamiellaceae;Micromonas;Micromonas bravo
MK405477.1	cellular organisms;Eukaryota;Sar;Alveolata;Dinophyceae;Prorocentrales;Prorocentraceae;Prorocentrum;Prorocentrum micans
MT611055.1	cellular organisms;Eukaryota;Opisthokonta;Opisthokonta incertae sedis;Tunicaraptor;Tunicaraptor unikontum
MT644864.1	cellular organisms;Eukaryota;Opisthokonta;Fungi;Dikarya;Basidiomycota;Agaricomycotina;Agaricomycetes;Agaricomycetes incertae sedis;Hymenochaetales;Hymenochaetaceae;Fuscoporia;Fuscoporia contigua
MW451615.1	cellular organisms;Eukaryota;Haptista;Haptophyta;Prymnesiophyceae;Prymnesiales;Chrysochromulinaceae;Chrysochromulina;Chrysochromulina simplex
AM779755.1	cellular organisms;Eukaryota;Haptista;Haptophyta;Prymnesiophyceae;Prymnesiales;Prymnesiaceae;Prymnesium;Prymnesium palpebrale
AB042204.1	cellular organisms;Eukaryota;Sar;Stramenopiles;Ochrophyta;Pinguiophyceae;Pinguiochrysidales;Pinguiochrysidaceae;Phaeomonas;Phaeomonas parva
MW874840.1	cellular organisms;Eukaryota;Sar;Alveolata;Dinophyceae;Gymnodiniales;Ceratoperidiniaeceae;Kirithra;Kirithra sigma
MZ613177.1	cellular organisms;Eukaryota;Sar;Stramenopiles;Bigyra;Opalozoa;Nanomonadea;Incisomonas;Incisomonas marina
FM955256.1	cellular organisms;Eukaryota;Sar;Stramenopiles;Ochrophyta;Chrysophyceae;Hydrurales;Hydruraceae;Hydrurus;Hydrurus foetidus
OM891869.1	cellular organisms;Eukaryota;Sar;Stramenopiles;Ochrophyta;Bacillariophyta;Bacillariophyceae;Bacillariophycidae;Bacillariales;Bacillariaceae;Cylindrotheca;Cylindrotheca closterium
ON815372.1	cellular organisms;Eukaryota;Haptista;Haptophyta;Prymnesiophyceae;Prymnesiales;Chrysochromulinaceae;Chrysochromulina;Chrysochromulina leadbeateri
OQ075977.1	cellular organisms;Eukaryota;Haptista;Centroplasthelida;Meringosphaera;Meringosphaera mediterranea
OQ909084.1	cellular organisms;Eukaryota;Sar;Stramenopiles;Bigyra;Bigyra incertae sedis;Mastreximonas;Mastreximonas tlaamin
OQ909086.1	cellular organisms;Eukaryota;Sar;Stramenopiles;Bigyra;Bigyra incertae sedis;Vomastramonas;Vomastramonas tehuelche
GQ426331.1	cellular organisms;Eukaryota;Viridiplantae;Chlorophyta;Mamiellophyceae;Mamiellales;Bathycoccaceae;Ostreococcus;Ostreococcus tauri
PP795565.1	cellular organisms;Eukaryota;Sar;Stramenopiles;Pirsoniales;Pirsoniaceae;Koktebelia;Koktebelia satura
OZ076168.1	cellular organisms;Eukaryota;Viridiplantae;Chlorophyta;Mamiellophyceae;Mamiellales;Bathycoccaceae;Bathycoccus;Bathycoccus prasinos
PQ008747.1	cellular organisms;Eukaryota;Sar;Stramenopiles;Ochrophyta;Synurophyceae;Synurales;Mallomonadaceae;Mallomonas;Mallomonas annulata
PQ008749.1	cellular organisms;Eukaryota;Sar;Stramenopiles;Ochrophyta;Synurophyceae;Synurales;Mallomonadaceae;Mallomonas;Mallomonas doignonii
PQ008755.1	cellular organisms;Eukaryota;Sar;Stramenopiles;Ochrophyta;Synurophyceae;Synurales;Mallomonadaceae;Mallomonas;Mallomonas munda
PQ048282.1	cellular organisms;Eukaryota;Viridiplantae;Chlorophyta;Mamiellophyceae;Mamiellales;Mamiellaceae;unclassified Mamiellaceae;Mamiellaceae sp. T74399-1
PQ512808.1	cellular organisms;Eukaryota;Sar;Stramenopiles;Ochrophyta;Bacillariophyta;Bacillariophyceae;Bacillariophycidae;Bacillariales;Bacillariaceae;Pseudo-nitzschia;Pseudo-nitzschia delicatissima
PQ512816.1	cellular organisms;Eukaryota;Sar;Stramenopiles;Ochrophyta;Bacillariophyta;Bacillariophyceae;Bacillariophycidae;Bacillariales;Bacillariaceae;Pseudo-nitzschia;Pseudo-nitzschia brasiliana
PQ512818.1	cellular organisms;Eukaryota;Sar;Stramenopiles;Ochrophyta;Bacillariophyta;Bacillariophyceae;Bacillariophycidae;Bacillariales;Bacillariaceae;Pseudo-nitzschia;Pseudo-nitzschia galaxiae
PQ645539.1	cellular organisms;Eukaryota;Sar;Stramenopiles;Ochrophyta;Dictyochophyceae;Pedinellales;Pseudopedinella;Pseudopedinella elastica
LC819334.1	cellular organisms;Eukaryota;Haptista;Haptophyta;Prymnesiophyceae;Prymnesiales;Chrysochromulinaceae;Chrysochromulina;Chrysochromulina simplex
FN562449.1	cellular organisms;Eukaryota;Viridiplantae;Chlorophyta;Mamiellophyceae;Dolichomastigales;Dolichomastigaceae;Dolichomastix;Dolichomastix tenuilepis
PV607521.1	cellular organisms;Eukaryota;Haptista;Centroplasthelida;Pterocystida;unclassified Pterocystida;Pterocystida gen. n. sp. f AB-2025
PV791352.1	cellular organisms;Eukaryota;Opisthokonta;Choanoflagellata;Acanthoecida;Stephanoecidae;Acanthocorbis;Acanthocorbis camarensis
AM490987.2	cellular organisms;Eukaryota;Haptista;Haptophyta;Prymnesiophyceae;Syracosphaerales;Syracosphaeraceae;Syracosphaera;Syracosphaera pulchra
AM491021.2	cellular organisms;Eukaryota;Haptista;Haptophyta;Prymnesiophyceae;Prymnesiales;Chrysochromulinaceae;Chrysochromulina;Chrysochromulina simplex
HM163291.1	cellular organisms;Eukaryota;Sar;Stramenopiles;Bigyra;Opalozoa;Nanomonadea;Solenicola;Solenicola setigera
PX136615.1	cellular organisms;Eukaryota;Viridiplantae;Chlorophyta;core chlorophytes;Chlorodendrophyceae;Chlorodendrales;Chlorodendraceae;Tetraselmis;Tetraselmis convolutae
PX213583.1	cellular organisms;Eukaryota;Sar;Rhizaria;Cercozoa;unclassified Cercozoa;Filosa sp.;Filosa sp. NC6
PX213624.1	cellular organisms;Eukaryota;Sar;Rhizaria;Cercozoa;Imbricatea;Silicofilosea;Thaumatomonadida;Thaumatomonadida sp.
OZ371821.1	cellular organisms;Eukaryota;Viridiplantae;Chlorophyta;Mamiellophyceae;Mamiellales;Mamiellaceae;Micromonas;Micromonas bravo
FN599059.1	cellular organisms;Eukaryota;Haptista;Haptophyta;Prymnesiophyceae;Prymnesiales;Chrysochromulinaceae;Chrysochromulina;Chrysochromulina acantha
AJ004868.1	cellular organisms;Eukaryota;Haptista;Haptophyta;Prymnesiophyceae;Prymnesiales;Prymnesiaceae;Prymnesium;Prymnesium aff. polylepis
AY254857.1	cellular organisms;Eukaryota;Sar;Stramenopiles;Ochrophyta;Dictyochophyceae;Florenciellales;Florenciella;Florenciella parvula
HQ912565.1	cellular organisms;Eukaryota;Sar;Stramenopiles;Ochrophyta;Bacillariophyta;Mediophyceae;Cymatosirophycidae;Cymatosirales;Cymatosiraceae;Brockmanniella;Brockmanniella brockmannii
JF790991.1	cellular organisms;Eukaryota;Sar;Stramenopiles;Ochrophyta;Bacillariophyta;Coscinodiscophyceae;Chaetocerotophycidae;Chaetocerotales;Chaetocerotaceae;Chaetoceros;Chaetoceros muelleri
JF791033.1	cellular organisms;Eukaryota;Sar;Alveolata;Dinophyceae;Gymnodiniales;Gymnodiniaceae;Lepidodinium;Lepidodinium viride
JF791049.1	cellular organisms;Eukaryota;Sar;Alveolata;Dinophyceae;Gymnodiniales;Kareniaceae;Karlodinium;Karlodinium veneficum
FR865768.1	cellular organisms;Eukaryota;Sar;Stramenopiles;Ochrophyta;Chrysophyceae;Chromulinales;Chromulinaceae;Ochromonas;Ochromonas villosa
AM491013.2	cellular organisms;Eukaryota;Haptista;Haptophyta;Prymnesiophyceae;Prymnesiales;Prymnesiaceae;Haptolina;Haptolina fragaria
HE610130.1	cellular organisms;Eukaryota;Viridiplantae;Chlorophyta;core chlorophytes;Chlorodendrophyceae;Chlorodendrales;Chlorodendraceae;Tetraselmis;Tetraselmis cordiformis
JX272635.1	cellular organisms;Eukaryota;Sar;Rhizaria;Cercozoa;Chlorarachniophyceae;Minorisa;Minorisa minuta
AJ561112.1	cellular organisms;Eukaryota;Sar;Stramenopiles;Pirsoniales;Pirsoniaceae;Pirsonia;Pirsonia guinardiae
U03477.1	cellular organisms;Eukaryota;Sar;Rhizaria;Cercozoa;Chlorarachniophyceae;Chlorarachnion;Chlorarachnion reptans
JQ967309.1	cellular organisms;Eukaryota;Sar;Stramenopiles;Ochrophyta;Chrysophyceae;Chromulinales;Paraphysomonadaceae;Paraphysomonas;Paraphysomonas solis
AJ629844.1	cellular organisms;Eukaryota;Viridiplantae;Chlorophyta;Mamiellophyceae;Dolichomastigales;Crustomastigaceae;Crustomastix;Crustomastix stigmatica
AF123596.1	cellular organisms;Eukaryota;Sar;Stramenopiles;Ochrophyta;Bolidophyceae;Parmales;Triparmaceae;Triparma;Triparma mediterranea
JX988758.1	cellular organisms;Eukaryota;Eukaryota incertae sedis;Picozoa;Picomonadea;Picomonadida;Picomonadidae;Picomonas;Picomonas judraskeda
AF123297.1	cellular organisms;Eukaryota;Sar;Stramenopiles;Ochrophyta;Chrysophyceae;Chromulinales;Chrysolepidomonadaceae;Chrysolepidomonas;Chrysolepidomonas dendrolepidota
AF123301.1	cellular organisms;Eukaryota;Sar;Stramenopiles;Ochrophyta;Chrysophyceae;Chromulinales;Dinobryaceae;Epipyxis;Epipyxis aurea
AB022111.1	cellular organisms;Eukaryota;Sar;Stramenopiles;Bigyra;Labyrinthulomycetes;Thraustochytrida;Thraustochytriidae;Thraustochytrium;Thraustochytrium multirudimentale
L37204.1	cellular organisms;Eukaryota;Sar;Stramenopiles;Ochrophyta;Dictyochophyceae;Pedinellales;Pteridomonas;Pteridomonas danica
AY954999.1	cellular organisms;Eukaryota;Viridiplantae;Chlorophyta;Mamiellophyceae;Mamiellales;Mamiellaceae;Micromonas;Micromonas pusilla
DQ004734.1	cellular organisms;Eukaryota;Sar;Alveolata;Dinophyceae;Prorocentrales;Prorocentraceae;Prorocentrum;Prorocentrum triestinum
AF163147.1	cellular organisms;Eukaryota;Haptista;Haptophyta;Prymnesiophyceae;Phaeocystales;Phaeocystaceae;Phaeocystis;Phaeocystis cordata
AF163148.1	cellular organisms;Eukaryota;Haptista;Haptophyta;Prymnesiophyceae;Phaeocystales;Phaeocystaceae;Phaeocystis;Phaeocystis jahnii
AJ246271.1	cellular organisms;Eukaryota;Haptista;Haptophyta;Prymnesiophyceae;Prymnesiales;Prymnesiaceae;Prymnesium;Prymnesium kappa
AJ246273.1	cellular organisms;Eukaryota;Haptista;Haptophyta;Prymnesiophyceae;Prymnesiales;Chrysochromulinaceae;Chrysochromulina;Chrysochromulina campanulifera
AJ246278.1	cellular organisms;Eukaryota;Haptista;Haptophyta;Prymnesiophyceae;Prymnesiales;Chrysochromulinaceae;Chrysochromulina;Chrysochromulina acantha
AJ246274.1	cellular organisms;Eukaryota;Haptista;Haptophyta;Prymnesiophyceae;Prymnesiales;Chrysochromulinaceae;Chrysochromulina;Chrysochromulina scutellum
DQ207579.1	cellular organisms;Eukaryota;Discoba;Euglenozoa;Kinetoplastea;Metakinetoplastina;Neobodonida;Neobodo;Neobodo designis
AJ564773.1	cellular organisms;Eukaryota;Eukaryota incertae sedis;Telonemia;Telonemida;Telonemidae;Telonema;Telonema antarcticum
U21338.1	cellular organisms;Eukaryota;Sar;Stramenopiles;Bigyra;Labyrinthulomycetes;Thraustochytrida;Thraustochytriidae;Labyrinthulochytrium;Labyrinthulochytrium haliotidis
X80344.1	cellular organisms;Eukaryota;Sar;Stramenopiles;Hyphochytriomycetes;Hyphochytriales;Hyphochytriaceae;Hyphochytrium;Hyphochytrium catenoides
KT757415.1	cellular organisms;Eukaryota;Opisthokonta;Choanoflagellata;Acanthoecida;Acanthoecidae;Acanthoeca;Acanthoeca spectabilis
