id	Group	Supergroup
KU525755.1	Ciliophora	Alveolata
MW874840.1	Dinoflagellata	Alveolata
JF791033.1	Dinoflagellata	Alveolata
MG022774.1	Dinoflagellata	Alveolata
JF791049.1	Dinoflagellata	Alveolata
KY979983.1	Dinoflagellata	Alveolata
DQ004734.1	Dinoflagellata	Alveolata
HM581712.1.1768_U|18S_rRNA|nucleus|clone_CNCIII05_210|Eukaryota|TSAR|Alveolata|Ciliophora|Spirotrichea|Oligotrichida|Tontoniidae|Laboea|Laboea_sp.	Ciliophora	Alveolata
KU525756.1.1643_U|18S_rRNA|nucleus||Eukaryota|TSAR|Alveolata|Ciliophora|Spirotrichea|Oligotrichida|Tontoniidae|Laboea|Laboea_strobila	Ciliophora	Alveolata
KJ760553.1.1771_U|18S_rRNA|nucleus|clone_SGYW482|Eukaryota|TSAR|Alveolata|Ciliophora|Spirotrichea|Oligotrichida|Tontoniidae|Spirotontonia|Spirotontonia_sp.	Ciliophora	Alveolata
KJ763014.1.1803_U|18S_rRNA|nucleus|clone_SGUH1422|Eukaryota|TSAR|Alveolata|Dinoflagellata|Dinophyceae|Dinophyceae_X|Dinophyceae_XX|Dinophyceae_XXX|Dinophyceae_XXX_sp.	Dinoflagellata	Alveolata
JQ420086.1.1778_U|18S_rRNA|nucleus|clone_Q1-17|Eukaryota|TSAR|Alveolata|Dinoflagellata|Syndiniales|Dino-Group-I|Dino-Group-I-Clade-1|Dino-Group-I-Clade-1_X|Dino-Group-I-Clade-1_X_sp.	MALV-I	Alveolata
KJ763577.1.1794_U|18S_rRNA|nucleus|clone_SGYP1379|Eukaryota|TSAR|Alveolata|Dinoflagellata|Syndiniales|Dino-Group-I|Dino-Group-I-Clade-1|Dino-Group-I-Clade-1_X|Dino-Group-I-Clade-1_X_sp.	MALV-I	Alveolata
KJ760589.1.1792_U|18S_rRNA|nucleus|clone_SGYW534|Eukaryota|TSAR|Alveolata|Dinoflagellata|Syndiniales|Dino-Group-I|Dino-Group-I-Clade-1|Dino-Group-I-Clade-1_X|Dino-Group-I-Clade-1_X_sp.	MALV-I	Alveolata
KJ763285.1.1791_U|18S_rRNA|nucleus|clone_SGUH722|Eukaryota|TSAR|Alveolata|Dinoflagellata|Syndiniales|Dino-Group-I|Dino-Group-I-Clade-1|Dino-Group-I-Clade-1_X|Dino-Group-I-Clade-1_X_sp.	MALV-I	Alveolata
AACY020214703.2677.4468_U|18S_rRNA|nucleus|clone_|Eukaryota|TSAR|Alveolata|Dinoflagellata|Syndiniales|Dino-Group-I|Dino-Group-I-Clade-1|Dino-Group-I-Clade-1_X|Dino-Group-I-Clade-1_X_sp.	MALV-I	Alveolata
KJ762901.1.1787_U|18S_rRNA|nucleus|clone_SGUH1167|Eukaryota|TSAR|Alveolata|Dinoflagellata|Syndiniales|Dino-Group-I|Dino-Group-I-Clade-1|Dino-Group-I-Clade-1_X|Dino-Group-I-Clade-1_X_sp.	MALV-I	Alveolata
KJ759483.1.1783_U|18S_rRNA|nucleus|clone_SGYO419|Eukaryota|TSAR|Alveolata|Dinoflagellata|Syndiniales|Dino-Group-I|Dino-Group-I-Clade-1|Dino-Group-I-Clade-1_X|Dino-Group-I-Clade-1_X_sp.	MALV-I	Alveolata
HQ866291.1.886_U|18S_rRNA|nucleus|clone_SGSU514|Eukaryota|TSAR|Alveolata|Dinoflagellata|Syndiniales|Dino-Group-II|Dino-Group-II-Clade-1|Dino-Group-II-Clade-1_X|Dino-Group-II-Clade-1_X_sp.	MALV-II	Alveolata
AY129041.1.1797_U|18S_rRNA|nucleus|clone_UEPACAPp3|Eukaryota|TSAR|Alveolata|Dinoflagellata|Syndiniales|Dino-Group-II|Dino-Group-II-Clade-10-and-11|Dino-Group-II-Clade-10-and-11_X|Dino-Group-II-Clade-10-and-11_X_sp.	MALV-II	Alveolata
KJ759699.1.1798_U|18S_rRNA|nucleus|clone_SGYO881|Eukaryota|TSAR|Alveolata|Dinoflagellata|Syndiniales|Dino-Group-II|Dino-Group-II-Clade-10-and-11|Dino-Group-II-Clade-10-and-11_X|Dino-Group-II-Clade-10-and-11_X_sp.	MALV-II	Alveolata
KC582921.1.1797_U|18S_rRNA|nucleus|clone_RS.12f.10m.79|Eukaryota|TSAR|Alveolata|Dinoflagellata|Syndiniales|Dino-Group-II|Dino-Group-II-Clade-10-and-11|Dino-Group-II-Clade-10-and-11_X|Dino-Group-II-Clade-10-and-11_X_sp.	MALV-II	Alveolata
KC582919.1.1797_U|18S_rRNA|nucleus|clone_RS.12f.10m.316|Eukaryota|TSAR|Alveolata|Dinoflagellata|Syndiniales|Dino-Group-II|Dino-Group-II-Clade-16|Dino-Group-II-Clade-16_X|Dino-Group-II-Clade-16_X_sp.	MALV-II	Alveolata
EU793933.1.1559_U|18S_rRNA|nucleus|clone_PROSOPE.EM-5m.190|Eukaryota|TSAR|Alveolata|Dinoflagellata|Syndiniales|Dino-Group-II|Dino-Group-II-Clade-44|Dino-Group-II-Clade-44_X|Dino-Group-II-Clade-44_X_sp.	MALV-II	Alveolata
HQ870611.1.850_U|18S_rRNA|nucleus|clone_SIAA571|Eukaryota|TSAR|Alveolata|Dinoflagellata|Syndiniales|Dino-Group-II|Dino-Group-II-Clade-44|Dino-Group-II-Clade-44_X|Dino-Group-II-Clade-44_X_sp.	MALV-II	Alveolata
KJ760518.1.1794_U|18S_rRNA|nucleus|clone_SGYW426|Eukaryota|TSAR|Alveolata|Dinoflagellata|Syndiniales|Dino-Group-II|Dino-Group-II-Clade-44|Dino-Group-II-Clade-44_X|Dino-Group-II-Clade-44_X_sp.	MALV-II	Alveolata
PX136615.1	Chlorodendrophyceae	Archaeplastida
HE610130.1	Chlorodendrophyceae	Archaeplastida
AJ629844.1	Mamiellophyceae	Archaeplastida
FN562449.1	Mamiellophyceae	Archaeplastida
GQ426331.1	Mamiellophyceae	Archaeplastida
MT117944.1	Mamiellophyceae	Archaeplastida
AY954999.1	Mamiellophyceae	Archaeplastida
PQ048282.1	Mamiellophyceae	Archaeplastida
JX988758.1	Picozoa	Archaeplastida
AB058392.1.1752_U|18S_rRNA|nucleus|strain_MBIC11125|Eukaryota|Archaeplastida|Chlorophyta|Chlorophyta_X|Chlorodendrophyceae|Chlorodendrales|Chlorodendraceae|Tetraselmis|Tetraselmis_sp.	Chlorodendrophyceae	Archaeplastida
AB622308.1.1690_U|18S_rRNA|nucleus|clone_K3OCT2009|Eukaryota|Archaeplastida|Chlorophyta|Chlorophyta_X|Mamiellophyceae|Dolichomastigales|Crustomastigaceae|Crustomastigaceae-AB|Crustomastigaceae-AB_sp.	Mamiellophyceae	Archaeplastida
AB622321.1.1693_U|18S_rRNA|nucleus|clone_K4MAR2010|Eukaryota|Archaeplastida|Chlorophyta|Chlorophyta_X|Mamiellophyceae|Dolichomastigales|Crustomastigaceae|Crustomastigaceae-AB|Crustomastigaceae-AB_sp.	Mamiellophyceae	Archaeplastida
AB183628.1.1747_U|18S_rRNA|nucleus|strain_MBIC10709|Eukaryota|Archaeplastida|Chlorophyta|Chlorophyta_X|Mamiellophyceae|Dolichomastigales|Crustomastigaceae|Crustomastix|Crustomastix_didyma	Mamiellophyceae	Archaeplastida
KJ763042.1.1789_U|18S_rRNA|nucleus|clone_SGUH1477|Eukaryota|Archaeplastida|Chlorophyta|Chlorophyta_X|Mamiellophyceae|Dolichomastigales|Dolichomastigaceae|Dolichomastigaceae-A|Dolichomastigaceae-A_sp.	Mamiellophyceae	Archaeplastida
MN056948.1.1767_U|18S_rRNA|nucleus|strain_5FNG|Eukaryota|Archaeplastida|Chlorophyta|Chlorophyta_X|Mamiellophyceae|Dolichomastigales|Dolichomastigaceae|Microrhizoidea|Microrhizoidea_pickettheapsiorum	Mamiellophyceae	Archaeplastida
FO082268.119769.121976_U|18S_rRNA|nucleus|strain_RCC_1105|Eukaryota|Archaeplastida|Chlorophyta|Chlorophyta_X|Mamiellophyceae|Mamiellales|Bathycoccaceae|Bathycoccus|Bathycoccus_prasinos	Mamiellophyceae	Archaeplastida
AB017129.1.1736_U|18S_rRNA|nucleus|strain_Shizugawa|Eukaryota|Archaeplastida|Chlorophyta|Chlorophyta_X|Mamiellophyceae|Mamiellales|Mamiellaceae|Mamiella|Mamiella_gilva	Mamiellophyceae	Archaeplastida
AB017128.1.1734_U|18S_rRNA|nucleus||Eukaryota|Archaeplastida|Chlorophyta|Chlorophyta_X|Mamiellophyceae|Mamiellales|Mamiellaceae|Mantoniella|Mantoniella_antarctica	Mamiellophyceae	Archaeplastida
AF525866.1.1777_U|18S_rRNA|nucleus|clone_UEPACOp3|Eukaryota|Archaeplastida|Chlorophyta|Chlorophyta_X|Mamiellophyceae|Mamiellales|Mamiellaceae|Micromonas|Micromonas_clade_B4	Mamiellophyceae	Archaeplastida
KC583053.1.1776_U|18S_rRNA|nucleus|clone_RS.12f.10m.0036|Eukaryota|Archaeplastida|Chlorophyta|Chlorophyta_X|Mamiellophyceae|Mamiellales|Mamiellaceae|Micromonas|Micromonas_clade_B5	Mamiellophyceae	Archaeplastida
AB854007.1.1796_U|18S_rRNA|nucleus|strain_M1Py1|Eukaryota|Archaeplastida|Chlorophyta|Chlorophyta_X|Pyramimonadophyceae|Pyramimonadales|Pyramimonadaceae|Pyramimonas|Pyramimonas_aurea	Pyramimonadales	Archaeplastida
KJ762972.1.1807_U|18S_rRNA|nucleus|clone_SGUH1326|Eukaryota|Archaeplastida|Picozoa|Picozoa_subdivision_1|Picozoa_subdivision_1B|Picozoa_subdivision_1B_X|Picozoa_subdivision_1B_XX|Picozoa_subdivision_1B_XXX|Picozoa_subdivision_1B_XXX_sp.	Picozoa	Archaeplastida
KF130509.1.1765_U|18S_rRNA|nucleus|clone_ST8360.128|Eukaryota|Archaeplastida|Picozoa|Picozoa_subdivision_1|Picozoa_subdivision_1B|Picozoa_subdivision_1B_X|Picozoa_subdivision_1B_XX|Picozoa_subdivision_1B_XXX|Picozoa_subdivision_1B_XXX_sp.	Picozoa	Archaeplastida
KF130187.1.1766_U|18S_rRNA|nucleus|clone_ST6000.047|Eukaryota|Archaeplastida|Picozoa|Picozoa_subdivision_1|Picozoa_subdivision_1B|Picozoa_subdivision_1B_X|Picozoa_subdivision_1B_XX|Picozoa_subdivision_1B_XXX|Picozoa_subdivision_1B_XXX_sp.	Picozoa	Archaeplastida
KC337004.1.770_U|18S_rRNA|nucleus|clone_Seq-16_G01|Eukaryota|Archaeplastida|Picozoa|Picozoa_X|Picozoa_XX|Picozoa_XXX|Picozoa_XXXX|Picozoa_XXXXX|Picozoa_XXXXX_sp.	Picozoa	Archaeplastida
DQ207579.1	Kinetoplastea	Discoba
AF530518.1.2120_U|18S_rRNA|nucleus|clone_AT5-25|Eukaryota|Excavata|Discoba|Euglenozoa|Kinetoplastea|Kinetoplastea_X|Kinetoplastea_XX|Kinetoplastea_XX_MET6|Kinetoplastea_XX_MET6_sp.	Kinetoplastea	Discoba
AY753600.1.2188_U|18S_rRNA|nucleus||Eukaryota|Excavata|Discoba|Euglenozoa|Kinetoplastea|Kinetoplastea_X|Kinetoplastea_XX|Kinetoplastea_XX_MET6|Kinetoplastea_XX_MET6_sp.	Kinetoplastea	Discoba
JN542575.1.2224_U|18S_rRNA|nucleus|clone_Kryos_IF_C8|Eukaryota|Excavata|Discoba|Euglenozoa|Kinetoplastea|Kinetoplastea_X|Kinetoplastea_XX|Kinetoplastea_XX_MET6|Kinetoplastea_XX_MET6_sp.	Kinetoplastea	Discoba
MT355130.1.2127_U|18S_rRNA|nucleus|clone_|Eukaryota|Excavata|Discoba|Euglenozoa|Kinetoplastea|Neobodonida|Neobodonidae|Neobodo|Neobodo_sp.	Kinetoplastea	Discoba
OQ075977.1	Centroplasthelida	Haptista
PV607521.1	Centroplasthelida	Haptista
AF163147.1	Prymnesiophyceae	Haptista
AF163148.1	Prymnesiophyceae	Haptista
AB180202.3	Prymnesiophyceae	Haptista
AJ246273.1	Prymnesiophyceae	Haptista
AM491018.1	Prymnesiophyceae	Haptista
ON815372.1	Prymnesiophyceae	Haptista
AJ246274.1	Prymnesiophyceae	Haptista
AM491021.2	Prymnesiophyceae	Haptista
AM491013.2	Prymnesiophyceae	Haptista
AJ004868.1	Prymnesiophyceae	Haptista
AJ246271.1	Prymnesiophyceae	Haptista
AM490987.2	Prymnesiophyceae	Haptista
FN598373.1.1156_U|18S_rRNA|nucleus|clone_BS17_G10|Eukaryota|Haptista|Centroplasthelida|Centroplasthelida_X|Centroplasthelida_XX|Centroplasthelida_XXX|Centroplasthelida_XXXX|Centroplasthelida_XXXXX|Centroplasthelida_XXXXX_sp.	Centroplasthelida	Haptista
AF534709.1.1802_U|18S_rRNA|nucleus||Eukaryota|Haptista|Centroplasthelida|Centroplasthelida_X|Pterocystida|Pterista|Pterocystidae|Chlamydaster|Chlamydaster_sterni	Centroplasthelida	Haptista
KF130061.1.1763_U|18S_rRNA|nucleus|clone_ST5900.122|Eukaryota|Haptista|Centroplasthelida|Centroplasthelida_X|Pterocystida|Pterocystida_X|Pterocystida_XX|Pterocystida_XXX|Pterocystida_XXX_sp.	Centroplasthelida	Haptista
AY749516.1.1576_U|18S_rRNA|nucleus|clone_H30.5|Eukaryota|Haptista|Centroplasthelida|Centroplasthelida_X|Pterocystida|Pterocystida_X|Pterocystida_XX|Pterocystida_XXX|Pterocystida_XXX_sp.	Centroplasthelida	Haptista
KJ763122.1.1804_U|18S_rRNA|nucleus|clone_SGUH472|Eukaryota|Haptista|Centroplasthelida|Centroplasthelida_X|Pterocystida|Pterocystida_X|Pterocystida_XX|Pterocystida_XXX|Pterocystida_XXX_sp.	Centroplasthelida	Haptista
KJ757367.1.1801_U|18S_rRNA|nucleus|clone_SGYY410|Eukaryota|Haptista|Centroplasthelida|Centroplasthelida_X|Pterocystida|Pterocystida_X|Pterocystida_XX|Pterocystida_XXX|Pterocystida_XXX_sp.	Centroplasthelida	Haptista
AM490985.1.1724_U|18S_rRNA|nucleus|strain_ALGO_Am_24|Eukaryota|Haptista|Haptophyta|Haptophyta_X|Prymnesiophyceae|Calcihaptophycidae|Rhabdosphaeraceae|Algirosphaera|Algirosphaera_robusta	Prymnesiophyceae	Haptista
KF130396.1.1761_U|18S_rRNA|nucleus|clone_ST8300.084|Eukaryota|Haptista|Haptophyta|Haptophyta_X|Prymnesiophyceae|Calcihaptophycidae|Rhabdosphaeraceae|Algirosphaera|Algirosphaera_sp.	Prymnesiophyceae	Haptista
AHAL01000301.1474.3265_U|18S_rRNA|nucleus|strain_CCMP1516|Eukaryota|Haptista|Haptophyta|Haptophyta_X|Prymnesiophyceae|Isochrysidales|Noelaerhabdaceae|Gephyrocapsa|Gephyrocapsa_huxleyi	Prymnesiophyceae	Haptista
JN381494.1.1802_U|18S_rRNA|nucleus|strain_MM-E4B4|Eukaryota|Haptista|Haptophyta|Haptophyta_X|Prymnesiophyceae|Phaeocystales|Phaeocystaceae|Phaeocystis|Phaeocystis_antarctica	Prymnesiophyceae	Haptista
KC488455.1.1665_U|18S_rRNA|nucleus|clone_HL5aSF04.27|Eukaryota|Haptista|Haptophyta|Haptophyta_X|Prymnesiophyceae|Phaeocystales|Phaeocystaceae|Phaeocystis|Phaeocystis_sp.	Prymnesiophyceae	Haptista
KJ759582.1.1796_U|18S_rRNA|nucleus|clone_SGYO618|Eukaryota|Haptista|Haptophyta|Haptophyta_X|Prymnesiophyceae|Phaeocystales|Phaeocystaceae|Phaeocystis|Phaeocystis_sp.	Prymnesiophyceae	Haptista
KF129833.1.1759_U|18S_rRNA|nucleus|clone_ST3900.057|Eukaryota|Haptista|Haptophyta|Haptophyta_X|Prymnesiophyceae|Prymnesiales|Chrysochromulinaceae|Chrysochromulina|Chrysochromulina_sp.	Prymnesiophyceae	Haptista
KF130428.1.1753_U|18S_rRNA|nucleus|clone_ST8360.003|Eukaryota|Haptista|Haptophyta|Haptophyta_X|Prymnesiophyceae|Prymnesiales|Chrysochromulinaceae|Chrysochromulina|Chrysochromulina_sp.	Prymnesiophyceae	Haptista
EU371174.1.1788_U|18S_rRNA|nucleus|clone_NPK2_66|Eukaryota|Haptista|Haptophyta|Haptophyta_X|Prymnesiophyceae|Prymnesiales|Chrysochromulinaceae|Chrysochromulina|Chrysochromulina_sp.	Prymnesiophyceae	Haptista
HM581634.1.1796_U|18S_rRNA|nucleus|clone_CN207St155_8Ae02U_07Oct07_10m|Eukaryota|Haptista|Haptophyta|Haptophyta_X|Prymnesiophyceae|Prymnesiales|Chrysochromulinaceae|Chrysochromulina|Chrysochromulina_sp.	Prymnesiophyceae	Haptista
JQ222947.1.1614_U|18S_rRNA|nucleus|clone_SHAU520|Eukaryota|Haptista|Haptophyta|Haptophyta_X|Prymnesiophyceae|Prymnesiales|Chrysochromulinaceae|Chrysochromulina|Chrysochromulina_sp.	Prymnesiophyceae	Haptista
HM581637.1.1797_U|18S_rRNA|nucleus|clone_CN207St155_8Be02S_07Oct07_90m|Eukaryota|Haptista|Haptophyta|Haptophyta_X|Prymnesiophyceae|Prymnesiales|Chrysochromulinaceae|Chrysochromulina|Chrysochromulina_sp.	Prymnesiophyceae	Haptista
AF107083.1.1796_U|18S_rRNA|nucleus|clone_|Eukaryota|Haptista|Haptophyta|Haptophyta_X|Prymnesiophyceae|Prymnesiales|Chrysochromulinaceae|Chrysochromulina|Chrysochromulina_sp.	Prymnesiophyceae	Haptista
HM581565.1.1094_U|18S_rRNA|nucleus|clone_FS04GA79_01Aug05_5m|Eukaryota|Haptista|Haptophyta|Haptophyta_X|Prymnesiophyceae|Prymnesiales|Chrysochromulinaceae|Chrysochromulina|Chrysochromulina_sp.	Prymnesiophyceae	Haptista
JF699026.1.864_U|18S_rRNA|nucleus|clone_MALINA_St320_3m_Nano_ES069_E6|Eukaryota|Haptista|Haptophyta|Haptophyta_X|Prymnesiophyceae|Prymnesiales|Chrysochromulinaceae|Chrysochromulina|Chrysochromulina_sp.	Prymnesiophyceae	Haptista
JX680364.1.1070_U|18S_rRNA|nucleus|clone_DH122-Pry1-C28|Eukaryota|Haptista|Haptophyta|Haptophyta_X|Prymnesiophyceae|Prymnesiales|Chrysochromulinaceae|Chrysochromulina|Chrysochromulina_sp.	Prymnesiophyceae	Haptista
KC582958.1.1796_U|18S_rRNA|nucleus|clone_RS.12f.10m.00108|Eukaryota|Haptista|Haptophyta|Haptophyta_X|Prymnesiophyceae|Prymnesiales|Chrysochromulinaceae|Chrysochromulina|Chrysochromulina_sp.	Prymnesiophyceae	Haptista
KJ763084.1.1797_U|18S_rRNA|nucleus|clone_SGUH406|Eukaryota|Haptista|Haptophyta|Haptophyta_X|Prymnesiophyceae|Prymnesiales|Chrysochromulinaceae|Chrysochromulina|Chrysochromulina_sp.	Prymnesiophyceae	Haptista
KJ759445.1.1798_U|18S_rRNA|nucleus|clone_SGYO1481|Eukaryota|Haptista|Haptophyta|Haptophyta_X|Prymnesiophyceae|Prymnesiales|Chrysochromulinaceae|Chrysochromulina|Chrysochromulina_sp.	Prymnesiophyceae	Haptista
KJ762928.1.1798_U|18S_rRNA|nucleus|clone_SGUH1232|Eukaryota|Haptista|Haptophyta|Haptophyta_X|Prymnesiophyceae|Prymnesiales|Chrysochromulinaceae|Chrysochromulina|Chrysochromulina_sp.	Prymnesiophyceae	Haptista
HM581603.1.1799_U|18S_rRNA|nucleus|clone_FS04R13_10_27Feb07_75m_sort|Eukaryota|Haptista|Haptophyta|Haptophyta_X|Prymnesiophyceae|Prymnesiales|Chrysochromulinaceae|Chrysochromulina|Chrysochromulina_sp.	Prymnesiophyceae	Haptista
KF129692.1.1759_U|18S_rRNA|nucleus|clone_ST3500.114|Eukaryota|Haptista|Haptophyta|Haptophyta_X|Prymnesiophyceae|Prymnesiales|Chrysochromulinaceae|Chrysochromulina|Chrysochromulina_sp.	Prymnesiophyceae	Haptista
HM581636.1.1797_U|18S_rRNA|nucleus|clone_CN207St155_8Ae02Y_07Oct07_90m|Eukaryota|Haptista|Haptophyta|Haptophyta_X|Prymnesiophyceae|Prymnesiales|Chrysochromulinaceae|Chrysochromulina|Chrysochromulina_sp.	Prymnesiophyceae	Haptista
KF129796.1.1759_U|18S_rRNA|nucleus|clone_ST3900.006|Eukaryota|Haptista|Haptophyta|Haptophyta_X|Prymnesiophyceae|Prymnesiales|Chrysochromulinaceae|Chrysochromulina|Chrysochromulina_sp.	Prymnesiophyceae	Haptista
KF130521.1.1757_U|18S_rRNA|nucleus|clone_ST8900.013|Eukaryota|Haptista|Haptophyta|Haptophyta_X|Prymnesiophyceae|Prymnesiales|Chrysochromulinaceae|Chrysochromulina|Chrysochromulina_sp.	Prymnesiophyceae	Haptista
KF130550.1.1758_U|18S_rRNA|nucleus|clone_ST8900.047|Eukaryota|Haptista|Haptophyta|Haptophyta_X|Prymnesiophyceae|Prymnesiales|Chrysochromulinaceae|Chrysochromulina|Chrysochromulina_sp.	Prymnesiophyceae	Haptista
KJ762999.1.1800_U|18S_rRNA|nucleus|clone_SGUH1383|Eukaryota|Haptista|Haptophyta|Haptophyta_X|Prymnesiophyceae|Prymnesiales|Chrysochromulinaceae|Chrysochromulina|Chrysochromulina_sp.	Prymnesiophyceae	Haptista
GQ863798.1.1596_U|18S_rRNA|nucleus|clone_AMT15_1_10m_1|Eukaryota|Haptista|Haptophyta|Haptophyta_X|Prymnesiophyceae|Prymnesiales|Prymnesiophyceae_Clade_B4|Prymnesiophyceae_Clade_B4_X|Prymnesiophyceae_Clade_B4_X_sp.	Prymnesiophyceae	Haptista
KF130516.1.1755_U|18S_rRNA|nucleus|clone_ST8900.007|Eukaryota|Haptista|Haptophyta|Haptophyta_X|Prymnesiophyceae|Prymnesiales|Prymnesiophyceae_Clade_B4|Prymnesiophyceae_Clade_B4_X|Prymnesiophyceae_Clade_B4_X_sp.	Prymnesiophyceae	Haptista
FJ537312.1.1800_U|18S_rRNA|nucleus|clone_Biosope_T33.039|Eukaryota|Haptista|Haptophyta|Haptophyta_X|Prymnesiophyceae|Prymnesiophyceae_Clade_D|Prymnesiophyceae_Clade_D_X|Prymnesiophyceae_Clade_D_XX|Prymnesiophyceae_Clade_D_XX_sp.	Prymnesiophyceae	Haptista
AJ402351.1.1758_U|18S_rRNA|nucleus|clone_|Eukaryota|Haptista|Haptophyta|Haptophyta_X|Prymnesiophyceae|Prymnesiophyceae_X|Prymnesiophyceae_XX|Prymnesiophyceae_XXX|Prymnesiophyceae_XXX_sp.	Prymnesiophyceae	Haptista
KT757415.1	Choanoflagellata	Opisthokonta
EU011928.1	Choanoflagellata	Opisthokonta
PV791352.1	Choanoflagellata	Opisthokonta
EU011923.1	Choanoflagellata	Opisthokonta
MT644864.1	Basidiomycota	Opisthokonta
MT611055.1	Tunicaraptor	Opisthokonta
KJ762979.1.1783_U|18S_rRNA|nucleus|clone_SGUH1344|Eukaryota|Obazoa|Opisthokonta|Choanoflagellata|Choanoflagellatea|Acanthoecida|Acanthoecida_X|Acanthoecida_XX|Acanthoecida_XX_sp.	Choanoflagellata	Opisthokonta
EF432531.1.1778_U|18S_rRNA|nucleus|clone_A1|Eukaryota|Obazoa|Opisthokonta|Choanoflagellata|Choanoflagellatea|Acanthoecida|Acanthoecidae_Group_G|Acanthoecidae_Group_G_X|Acanthoecidae_Group_G_X_sp.	Choanoflagellata	Opisthokonta
AY426848.1.1787_U|18S_rRNA|nucleus|clone_BL000921.30|Eukaryota|Obazoa|Opisthokonta|Choanoflagellata|Choanoflagellatea|Acanthoecida|Stephanoecidae_Group_D|Stephanoecidae_Group_D_X|Stephanoecidae_Group_D_X_sp.	Choanoflagellata	Opisthokonta
AY665096.1.1737_U|18S_rRNA|nucleus|clone_SCM28C135|Eukaryota|Obazoa|Opisthokonta|Choanoflagellata|Choanoflagellatea|Acanthoecida|Stephanoecidae_Group_D|Stephanoecidae_Group_D_X|Stephanoecidae_Group_D_X_sp.	Choanoflagellata	Opisthokonta
HM369540.1.1073_U|18S_rRNA|nucleus|clone_MS588-19|Eukaryota|Obazoa|Opisthokonta|Choanoflagellata|Choanoflagellatea|Acanthoecida|Stephanoecidae_Group_D|Stephanoecidae_Group_D_X|Stephanoecidae_Group_D_X_sp.	Choanoflagellata	Opisthokonta
KJ763316.1.1790_U|18S_rRNA|nucleus|clone_SGUH779|Eukaryota|Obazoa|Opisthokonta|Choanoflagellata|Choanoflagellatea|Acanthoecida|Stephanoecidae_Group_D|Stephanoecidae_Group_D_X|Stephanoecidae_Group_D_X_sp.	Choanoflagellata	Opisthokonta
KJ762435.1.1785_U|18S_rRNA|nucleus|clone_SGYT962|Eukaryota|Obazoa|Opisthokonta|Choanoflagellata|Choanoflagellatea|Acanthoecida|Stephanoecidae_Group_H|Stephanoecidae_Group_H_X|Stephanoecidae_Group_H_X_sp.	Choanoflagellata	Opisthokonta
KJ757092.1.1782_U|18S_rRNA|nucleus|clone_SGYY1111|Eukaryota|Obazoa|Opisthokonta|Choanoflagellata|Choanoflagellatea|Acanthoecida|Stephanoecidae_Group_I|Stephanoecidae_Group_I_X|Stephanoecidae_Group_I_X_sp.	Choanoflagellata	Opisthokonta
EF173001.1.1670_U|18S_rRNA|nucleus|clone_SSRPE05|Eukaryota|Obazoa|Opisthokonta|Choanoflagellata|Choanoflagellatea|Choanoflagellatea_X|Choanoflagellata_XX_Clade-3|Choanoflagellata_XX_Clade-3_X|Choanoflagellata_XX_Clade-3_X_sp.	Choanoflagellata	Opisthokonta
JQ223245.1.1625_U|18S_rRNA|nucleus|clone_SHBB590|Eukaryota|Obazoa|Opisthokonta|Choanoflagellata|Choanoflagellatea|Choanoflagellatea_X|Choanoflagellata_XX_Clade-3|Choanoflagellata_XX_Clade-3_X|Choanoflagellata_XX_Clade-3_X_sp.	Choanoflagellata	Opisthokonta
EF024885.1.1783_U|18S_rRNA|nucleus|clone_Elev_18S_1414|Eukaryota|Obazoa|Opisthokonta|Choanoflagellata|Choanoflagellatea|Choanoflagellatea_X|Choanoflagellatea_XX_Group_L|Choanoflagellatea_XXX_Group_L_X|Choanoflagellatea_XXX_Group_L_X_sp.	Choanoflagellata	Opisthokonta
KJ759457.1.1792_U|18S_rRNA|nucleus|clone_SGYO1506|Eukaryota|Obazoa|Opisthokonta|Choanoflagellata|Choanoflagellatea|Choanoflagellatea_X|Choanoflagellatea_XX|Choanoflagellatea_XXX|Choanoflagellatea_XXX_sp.	Choanoflagellata	Opisthokonta
KF130373.1.1739_U|18S_rRNA|nucleus|clone_ST8300.055|Eukaryota|Obazoa|Opisthokonta|Choanoflagellata|Choanoflagellatea|Craspedida|Monosigidae_Group_A|Monosiga|Monosiga_brevicollis	Choanoflagellata	Opisthokonta
KM387288.1.1773_U|18S_rRNA|nucleus|strain_C6|Eukaryota|Obazoa|Opisthokonta|Choanoflagellata|Choanoflagellatea|Craspedida|Monosigidae_Group_A|Monosiga|Monosiga_brevicollis	Choanoflagellata	Opisthokonta
AY426842.1.1779_U|18S_rRNA|nucleus|clone_BL000921.20|Eukaryota|Obazoa|Opisthokonta|Choanoflagellata|Choanoflagellatea|Craspedida|Monosigidae_Group_B|Monosigidae_Group_B_X|Monosigidae_Group_B_X_sp.	Choanoflagellata	Opisthokonta
AY426933.1.1786_U|18S_rRNA|nucleus|clone_BL010625.36|Eukaryota|Obazoa|Opisthokonta|Choanoflagellata|Choanoflagellatea|Craspedida|Monosigidae_Group_B|Monosigidae_Group_B_X|Monosigidae_Group_B_X_sp.	Choanoflagellata	Opisthokonta
KF130554.1.1742_U|18S_rRNA|nucleus|clone_ST8900.051|Eukaryota|Obazoa|Opisthokonta|Choanoflagellata|Choanoflagellatea|Craspedida|Monosigidae_Group_B|Monosigidae_Group_B_X|Monosigidae_Group_B_X_sp.	Choanoflagellata	Opisthokonta
EU011930.1.1824_U|18S_rRNA|nucleus|strain_ATCC_50929|Eukaryota|Obazoa|Opisthokonta|Choanoflagellata|Choanoflagellatea|Craspedida|Monosigidae_Group_N|Salpingoeca_N|Salpingoeca_pyxidium	Choanoflagellata	Opisthokonta
FJ705110.1.1051_U|18S_rRNA|nucleus|clone_ACWCSP1D3|Eukaryota|Obazoa|Opisthokonta|Choanoflagellata|Choanoflagellatea|Craspedida|Salpingoecidae_Group_C2|Salpingoecidae_Group_C2_X|Salpingoecidae_Group_C2_X_sp.	Choanoflagellata	Opisthokonta
MF190553.1.1792_U|18S_rRNA|nucleus|strain_Opistho-2|Eukaryota|Obazoa|Opisthokonta|Filasterea|Filasterea_X|Filasterea_XX|Filasterea_XXX|Pigoraptor|Pigoraptor_chileana	Filasterea	Opisthokonta
MF190552.1.1794_U|18S_rRNA|nucleus|strain_Opistho-1|Eukaryota|Obazoa|Opisthokonta|Filasterea|Filasterea_X|Filasterea_XX|Filasterea_XXX|Pigoraptor|Pigoraptor_vietnamica	Filasterea	Opisthokonta
DD463379.1.1759_U|18S_rRNA|nucleus||Eukaryota|Obazoa|Opisthokonta|Fungi|Basidiomycota|Agaricomycotina|Agaricomycetes|Agaricomycetes_X|Agaricomycetes_X_sp.	Basidiomycota	Opisthokonta
AY654888.1.1777_U|18S_rRNA|nucleus|strain_GEL2121|Eukaryota|Obazoa|Opisthokonta|Fungi|Basidiomycota|Agaricomycotina|Agaricomycetes|Fibricium|Fibricium_rude	Basidiomycota	Opisthokonta
AY771599.1.1769_U|18S_rRNA|nucleus|strain_PBM2503|Eukaryota|Obazoa|Opisthokonta|Fungi|Basidiomycota|Agaricomycotina|Agaricomycetes|Rickenella|Rickenella_fibula	Basidiomycota	Opisthokonta
DQ873658.1.1776_U|18S_rRNA|nucleus||Eukaryota|Obazoa|Opisthokonta|Fungi|Basidiomycota|Agaricomycotina|Agaricomycetes|Tubulicrinis|Tubulicrinis_inornatus	Basidiomycota	Opisthokonta
AF232303.1.1786_U|18S_rRNA|nucleus||Eukaryota|Obazoa|Opisthokonta|Ichthyosporea|Ichthyophonida|Ichthyophonidae|Ichthyosponidales|Ichthyophonus|Ichthyophonus_irregularis	Ichthyosporea	Opisthokonta
U03477.1	Chlorarachnea	Rhizaria
JX272635.1	Chlorarachnea	Rhizaria
PX213624.1	Cercozoa	Rhizaria
AF290540.1	Cercozoa	Rhizaria
PX213583.1	Cercozoa	Rhizaria
ADNK01001820.151524.153310_U|18S_rRNA|nucleus|strain_CCMP2755|Eukaryota|TSAR|Rhizaria|Cercozoa|Chlorarachniophyceae|Chlorarachnida|Chlorarachnida_X|Bigelowiella|Bigelowiella_natans	Chlorarachnea	Rhizaria
U02075.1.1780_U|18S_rRNA|nucleus|strain_CCMP_1408|Eukaryota|TSAR|Rhizaria|Cercozoa|Chlorarachniophyceae|Chlorarachnida|Chlorarachnida_X|Bigelowiella|Bigelowiella_sp.	Chlorarachnea	Rhizaria
AB504336.1.1691_U|18S_rRNA|nucleus|strain_ISRO89-6A|Eukaryota|TSAR|Rhizaria|Cercozoa|Chlorarachniophyceae|Chlorarachnida|Chlorarachnida_X|Chlorarachnion|Chlorarachnion_sp.	Chlorarachnea	Rhizaria
KC583048.1.1775_U|18S_rRNA|nucleus|clone_RS.12f.10m.94|Eukaryota|TSAR|Rhizaria|Cercozoa|Chlorarachniophyceae|Chlorarachnida|Minorisa-lineage|Minorisa|Minorisa_minuta	Chlorarachnea	Rhizaria
DQ314817.1.1775_U|18S_rRNA|nucleus|clone_NOR26.21|Eukaryota|TSAR|Rhizaria|Cercozoa|Chlorarachniophyceae|Chlorarachniophyceae_X|NPK2-lineage|NPK2-lineage_X|NPK2-lineage_X_sp.	Chlorarachnea	Rhizaria
DQ369015.1.1809_U|18S_rRNA|nucleus|clone_UEPACLp3|Eukaryota|TSAR|Rhizaria|Cercozoa|Chlorarachniophyceae|Chlorarachniophyceae_X|NPK2-lineage|NPK2-lineage_X|NPK2-lineage_X_sp.	Chlorarachnea	Rhizaria
FR874390.1.1819_U|18S_rRNA|nucleus|clone_1.80E_06|Eukaryota|TSAR|Rhizaria|Cercozoa|Filosa-Imbricatea|Thaumatomonadida|Thaumatomonadida_X|Thaumatomonadida_XX|Thaumatomonadida_XX_sp.	Cercozoa	Rhizaria
GU385567.1.1724_U|18S_rRNA|nucleus|clone_ME_Euk_DBT56|Eukaryota|TSAR|Rhizaria|Cercozoa|Filosa-Imbricatea|Thaumatomonadida|Thaumatomonadida_X|Thaumatomonadida_XX|Thaumatomonadida_XX_sp.	Cercozoa	Rhizaria
KC243117.1.1782_U|18S_rRNA|nucleus||Eukaryota|TSAR|Rhizaria|Cercozoa|Filosa-Imbricatea|Thaumatomonadida|Thaumatomonadidae|Thaumatomastigidae|Thaumatomastigidae_sp.	Cercozoa	Rhizaria
FJ824123.1.1824_U|18S_rRNA|nucleus||Eukaryota|TSAR|Rhizaria|Cercozoa|Filosa-Thecofilosea|Cryomonadida|Protaspa-lineage|Protaspa|Protaspa_sp.	Cercozoa	Rhizaria
FJ824124.1.1823_U|18S_rRNA|nucleus||Eukaryota|TSAR|Rhizaria|Cercozoa|Filosa-Thecofilosea|Cryomonadida|Protaspa-lineage|Protaspa|Protaspa_sp.	Cercozoa	Rhizaria
EF100246.1.1411_U|18S_rRNA|nucleus|clone_D2P04A09|Eukaryota|TSAR|Rhizaria|Cercozoa|Filosa-Thecofilosea|Filosa-Thecofilosea_X|Filosa-Thecofilosea_XX|Filosa-Thecofilosea_XXX|Filosa-Thecofilosea_XXX_sp.	Cercozoa	Rhizaria
KC488575.1.1712_U|18S_rRNA|nucleus|clone_BBL6SF04.17|Eukaryota|TSAR|Rhizaria|Cercozoa|Filosa-Thecofilosea|Filosa-Thecofilosea_X|Filosa-Thecofilosea_XX|Filosa-Thecofilosea_XXX|Filosa-Thecofilosea_XXX_sp.	Cercozoa	Rhizaria
OQ909084.1	MAST-6	Stramenopiles
OQ909086.1	MAST-6	Stramenopiles
U21338.1	Labyrinthulomycetes	Stramenopiles
AB022111.1	Labyrinthulomycetes	Stramenopiles
MZ613177.1	MAST-3	Stramenopiles
KY980054.1	MAST-3	Stramenopiles
HM163291.1	MAST-3	Stramenopiles
LC257669.1	MAST-6	Stramenopiles
X80344.1	Hyphochytriomycetes	Stramenopiles
OM891869.1	Diatomea	Stramenopiles
PQ512816.1	Diatomea	Stramenopiles
PQ512808.1	Diatomea	Stramenopiles
PQ512818.1	Diatomea	Stramenopiles
JF790991.1	Diatomea	Stramenopiles
KY852257.1	Diatomea	Stramenopiles
KY980041.1	MAST-3	Stramenopiles
HQ912565.1	Diatomea	Stramenopiles
AF123596.1	Bolidophyceae	Stramenopiles
FR865768.1	Chrysophyceae	Stramenopiles
AF123297.1	Chrysophyceae	Stramenopiles
AF123301.1	Chrysophyceae	Stramenopiles
EF432518.1	Chrysophyceae	Stramenopiles
JQ967309.1	Chrysophyceae	Stramenopiles
FM955256.1	Chrysophyceae	Stramenopiles
AY254857.1	Dictyochophyceae	Stramenopiles
PQ645539.1	Dictyochophyceae	Stramenopiles
L37204.1	Dictyochophyceae	Stramenopiles
AB042204.1	Pinguiophyceae	Stramenopiles
AB365026.1	Raphidophyceae	Stramenopiles
PQ008747.1	Synurophyceae	Stramenopiles
PQ008749.1	Synurophyceae	Stramenopiles
PP795565.1	Pirsoniales	Stramenopiles
AJ561112.1	Pirsoniales	Stramenopiles
KY980367.1	Pirsoniales	Stramenopiles
AY129068.1.1803_U|18S_rRNA|nucleus|clone_UEPACOp5|Eukaryota|TSAR|Stramenopiles|Bigyra|Opalozoa|Nanomonadea|MAST-3|MAST-3B|MAST-3B_sp.	MAST-3B	Stramenopiles
EF172976.1.1685_U|18S_rRNA|nucleus|clone_Q2C03N10|Eukaryota|TSAR|Stramenopiles|Bigyra|Opalozoa|Nanomonadea|MAST-3|MAST-3C|MAST-3C_sp.	MAST-3C	Stramenopiles
JQ781896.1.1806_U|18S_rRNA|nucleus|clone_H3S1Ae512|Eukaryota|TSAR|Stramenopiles|Bigyra|Opalozoa|Nanomonadea|MAST-3|MAST-3C|MAST-3C_sp.	MAST-3C	Stramenopiles
KJ763257.1.1812_U|18S_rRNA|nucleus|clone_SGUH684|Eukaryota|TSAR|Stramenopiles|Bigyra|Opalozoa|Nanomonadea|MAST-3|MAST-3D|MAST-3D_sp.	MAST-3D	Stramenopiles
AY129069.1.1805_U|18S_rRNA|nucleus|clone_UEPACRp5|Eukaryota|TSAR|Stramenopiles|Bigyra|Opalozoa|Nanomonadea|MAST-3|MAST-3F|MAST-3F_sp.	MAST-3F	Stramenopiles
JQ223005.1.1649_U|18S_rRNA|nucleus|clone_SHAU635|Eukaryota|TSAR|Stramenopiles|Bigyra|Opalozoa|Nanomonadea|MAST-3|MAST-3G|MAST-3G_sp.	MAST-3G	Stramenopiles
JQ781996.1.1778_U|18S_rRNA|nucleus|clone_155D3Ae6e7|Eukaryota|TSAR|Stramenopiles|Bigyra|Opalozoa|Nanomonadea|MAST-3|MAST-3I|MAST-3I_sp.	MAST-3I	Stramenopiles
KJ762559.1.1779_U|18S_rRNA|nucleus|clone_SGYH1295|Eukaryota|TSAR|Stramenopiles|Bigyra|Opalozoa|Nanomonadea|MAST-3|MAST-3I|MAST-3I_sp.	MAST-3I	Stramenopiles
JQ781999.1.1777_U|18S_rRNA|nucleus|clone_155D3Ae6gd|Eukaryota|TSAR|Stramenopiles|Bigyra|Opalozoa|Nanomonadea|MAST-3|MAST-3I|MAST-3I_sp.	MAST-3I	Stramenopiles
KF129819.1.1736_U|18S_rRNA|nucleus|clone_ST3900.038|Eukaryota|TSAR|Stramenopiles|Bigyra|Opalozoa|Nanomonadea|MAST-3|MAST-3I|MAST-3I_sp.	MAST-3I	Stramenopiles
AY381200.1.1796_U|18S_rRNA|nucleus|clone_BL000921.38|Eukaryota|TSAR|Stramenopiles|Bigyra|Opalozoa|Nanomonadea|MAST-3|MAST-3K|MAST-3K_sp.	MAST-3K	Stramenopiles
JQ782000.1.1797_U|18S_rRNA|nucleus|clone_155D3Ae6h6|Eukaryota|TSAR|Stramenopiles|Bigyra|Opalozoa|Nanomonadea|MAST-3|MAST-3K|MAST-3K_sp.	MAST-3K	Stramenopiles
FR874437.1.1827_U|18S_rRNA|nucleus|clone_1804B04|Eukaryota|TSAR|Stramenopiles|Bigyra|Opalozoa|Opalozoa_X|MAST-12|MAST-12A|MAST-12A_sp.	MAST-12A	Stramenopiles
KC583005.1.1808_U|18S_rRNA|nucleus|clone_RS.12f.10m.367|Eukaryota|TSAR|Stramenopiles|Bigyra|Opalozoa|Opalozoa_X|MAST-12|MAST-12A|MAST-12A_sp.	MAST-12A	Stramenopiles
AY381171.1.1732_U|18S_rRNA|nucleus|clone_HE001005.112|Eukaryota|TSAR|Stramenopiles|Bigyra|Sagenista|Labyrinthulomycetes|Labyrinthulomycetes_LAB7|Labyrinthulomycetes_LAB7_X|Labyrinthulomycetes_LAB7_X_sp.	Labyrinthulomycetes	Stramenopiles
KF129615.1.1773_U|18S_rRNA|nucleus|clone_ST3500.023|Eukaryota|TSAR|Stramenopiles|Bigyra|Sagenista|Labyrinthulomycetes|Labyrinthulomycetes_LAB7|Labyrinthulomycetes_LAB7_X|Labyrinthulomycetes_LAB7_X_sp.	Labyrinthulomycetes	Stramenopiles
GU825677.1.1192_U|18S_rRNA|nucleus|clone_AA5F15RM4A12|Eukaryota|TSAR|Stramenopiles|Bigyra|Sagenista|Labyrinthulomycetes|Thraustochytriaceae|Thraustochytriaceae_LAB17|Thraustochytriaceae_LAB17_sp.	Labyrinthulomycetes	Stramenopiles
JF791020.1.1777_U|18S_rRNA|nucleus|clone_3903|Eukaryota|TSAR|Stramenopiles|Bigyra|Sagenista|Labyrinthulomycetes|Thraustochytriaceae|Thraustochytriaceae_LAB17|Thraustochytriaceae_LAB17_sp.	Labyrinthulomycetes	Stramenopiles
AB973545.1.1754_U|18S_rRNA|nucleus|strain_SEK_690|Eukaryota|TSAR|Stramenopiles|Bigyra|Sagenista|Labyrinthulomycetes|Thraustochytriaceae|Thraustochytriaceae_SEK690|Thraustochytriaceae_SEK690_sp.	Labyrinthulomycetes	Stramenopiles
AY295587.1.1726_U|18S_rRNA|nucleus|clone_RA010412.20|Eukaryota|TSAR|Stramenopiles|Bigyra|Sagenista|Sagenista_X|MAST-10|MAST-10_X|MAST-10_X_sp.	MAST-10	Stramenopiles
KC582979.1.1807_U|18S_rRNA|nucleus|clone_RS.12f.10m.0056|Eukaryota|TSAR|Stramenopiles|Bigyra|Sagenista|Sagenista_X|MAST-10|MAST-10_X|MAST-10_X_sp.	MAST-10	Stramenopiles
JQ781936.1.1805_U|18S_rRNA|nucleus|clone_155S8Aeagi|Eukaryota|TSAR|Stramenopiles|Bigyra|Sagenista|Sagenista_X|MAST-4|MAST-4A|MAST-4A_sp.	MAST-4A	Stramenopiles
KC583007.1.1805_U|18S_rRNA|nucleus|clone_RS.12f.10m.37|Eukaryota|TSAR|Stramenopiles|Bigyra|Sagenista|Sagenista_X|MAST-4|MAST-4C|MAST-4C_sp.	MAST-4C	Stramenopiles
JQ782028.1.1806_U|18S_rRNA|nucleus|clone_70S8Ae5yu|Eukaryota|TSAR|Stramenopiles|Bigyra|Sagenista|Sagenista_X|MAST-4|MAST-4D|MAST-4D_sp.	MAST-4D	Stramenopiles
AY381207.1.1801_U|18S_rRNA|nucleus|clone_BL010320.6|Eukaryota|TSAR|Stramenopiles|Bigyra|Sagenista|Sagenista_X|MAST-7|MAST-7A|MAST-7A_sp.	MAST-7A	Stramenopiles
FR874325.1.1799_U|18S_rRNA|nucleus|clone_1801F10|Eukaryota|TSAR|Stramenopiles|Bigyra|Sagenista|Sagenista_X|MAST-7|MAST-7A|MAST-7A_sp.	MAST-7A	Stramenopiles
JQ781913.1.1798_U|18S_rRNA|nucleus|clone_H3S1Ae567|Eukaryota|TSAR|Stramenopiles|Bigyra|Sagenista|Sagenista_X|MAST-7|MAST-7A|MAST-7A_sp.	MAST-7A	Stramenopiles
EU562085.1.945_U|18S_rRNA|nucleus|clone_IND72.08|Eukaryota|TSAR|Stramenopiles|Bigyra|Sagenista|Sagenista_X|MAST-7|MAST-7B|MAST-7B_sp.	MAST-7B	Stramenopiles
JQ781942.1.1798_U|18S_rRNA|nucleus|clone_155S8Be83u|Eukaryota|TSAR|Stramenopiles|Bigyra|Sagenista|Sagenista_X|MAST-7|MAST-7B|MAST-7B_sp.	MAST-7B	Stramenopiles
JQ781968.1.1798_U|18S_rRNA|nucleus|clone_155D8Ae6Dj|Eukaryota|TSAR|Stramenopiles|Bigyra|Sagenista|Sagenista_X|MAST-7|MAST-7C|MAST-7C_sp.	MAST-7C	Stramenopiles
KF129648.1.1755_U|18S_rRNA|nucleus|clone_ST3500.061|Eukaryota|TSAR|Stramenopiles|Bigyra|Sagenista|Sagenista_X|MAST-7|MAST-7D|MAST-7D_sp.	MAST-7D	Stramenopiles
JQ222913.1.1653_U|18S_rRNA|nucleus|clone_SHAU437|Eukaryota|TSAR|Stramenopiles|Bigyra|Sagenista|Sagenista_X|MAST-8|MAST-8A|MAST-8A_sp.	MAST-8A	Stramenopiles
GU823098.1.1211_U|18S_rRNA|nucleus|clone_AA5F15RM1F05|Eukaryota|TSAR|Stramenopiles|Bigyra|Sagenista|Sagenista_X|MAST-8|MAST-8B|MAST-8B_sp.	MAST-8B	Stramenopiles
KJ763801.1.1811_U|18S_rRNA|nucleus|clone_SGYP634|Eukaryota|TSAR|Stramenopiles|Bigyra|Sagenista|Sagenista_X|MAST-8|MAST-8C|MAST-8C_sp.	MAST-8C	Stramenopiles
JQ781973.1.1814_U|18S_rRNA|nucleus|clone_155D8Ae6Ea|Eukaryota|TSAR|Stramenopiles|Bigyra|Sagenista|Sagenista_X|MAST-8|MAST-8D|MAST-8D_sp.	MAST-8D	Stramenopiles
JQ782009.1.1814_U|18S_rRNA|nucleus|clone_155D1Ae4AS|Eukaryota|TSAR|Stramenopiles|Bigyra|Sagenista|Sagenista_X|MAST-8|MAST-8D|MAST-8D_sp.	MAST-8D	Stramenopiles
JX188322.1.1754_U|18S_rRNA|nucleus|clone_CC02A105.047|Eukaryota|TSAR|Stramenopiles|Bigyra|Sagenista|Sagenista_X|MAST-9|MAST-9D|MAST-9D_sp.	MAST-9D	Stramenopiles
AY485457.1.1786_U|18S_rRNA|nucleus|strain_CCMP339|Eukaryota|TSAR|Stramenopiles|Gyrista|Bacillariophyceae|Bacillariales|Bacillariaceae|Cylindrotheca|Cylindrotheca_fusiformis	Diatomea	Stramenopiles
GU373961.1.1801_U|18S_rRNA|nucleus||Eukaryota|TSAR|Stramenopiles|Gyrista|Bacillariophyceae|Bacillariales|Bacillariaceae|Pseudo-nitzschia|Pseudo-nitzschia_australis	Diatomea	Stramenopiles
FJ222752.1.1219_U|18S_rRNA|nucleus||Eukaryota|TSAR|Stramenopiles|Gyrista|Bacillariophyceae|Bacillariales|Bacillariaceae|Pseudo-nitzschia|Pseudo-nitzschia_turgidula	Diatomea	Stramenopiles
EF100371.1.1232_U|18S_rRNA|nucleus|clone_D5P10D06|Eukaryota|TSAR|Stramenopiles|Gyrista|Bacillariophyceae|Bacillariophyceae_X|Bacillariophyceae_XX|Bacillariophyceae_XXX|Bacillariophyceae_XXX_sp.	Diatomea	Stramenopiles
FN263265.1.1798_U|18S_rRNA|nucleus|clone_A10|Eukaryota|TSAR|Stramenopiles|Gyrista|Bolidophyceae|Parmales|Parmales_env_2|Parmales_env_2_X|Parmales_env_2_X_sp.	Bolidophyceae	Stramenopiles
AY129063.1.1782_U|18S_rRNA|nucleus|clone_UEPAC48p3|Eukaryota|TSAR|Stramenopiles|Gyrista|Chrysophyceae|Chrysophyceae_Clade-EC2H|Chrysophyceae_Clade-EC2H_X|Chrysophyceae_Clade-EC2H_XX|Chrysophyceae_Clade-EC2H_XX_sp.	Chrysophyceae	Stramenopiles
KF130338.1.1751_U|18S_rRNA|nucleus|clone_ST8300.012|Eukaryota|TSAR|Stramenopiles|Gyrista|Chrysophyceae|Chrysophyceae_Clade-EC2H|Chrysophyceae_Clade-EC2H_X|Chrysophyceae_Clade-EC2H_XX|Chrysophyceae_Clade-EC2H_XX_sp.	Chrysophyceae	Stramenopiles
FJ537347.1.1751_U|18S_rRNA|nucleus|clone_Biosope_T65.123|Eukaryota|TSAR|Stramenopiles|Gyrista|Chrysophyceae|Chrysophyceae_Clade-EC2H|Chrysophyceae_Clade-EC2H_X|Chrysophyceae_Clade-EC2H_XX|Chrysophyceae_Clade-EC2H_XX_sp.	Chrysophyceae	Stramenopiles
FR874729.1.1782_U|18S_rRNA|nucleus|clone_1815D10|Eukaryota|TSAR|Stramenopiles|Gyrista|Chrysophyceae|Chrysophyceae_Clade-EC2H|Chrysophyceae_Clade-EC2H_X|Chrysophyceae_Clade-EC2H_XX|Chrysophyceae_Clade-EC2H_XX_sp.	Chrysophyceae	Stramenopiles
KC582993.1.1780_U|18S_rRNA|nucleus|clone_RS.12f.10m.00112|Eukaryota|TSAR|Stramenopiles|Gyrista|Chrysophyceae|Chrysophyceae_Clade-EC2H|Chrysophyceae_Clade-EC2H_X|Chrysophyceae_Clade-EC2H_XX|Chrysophyceae_Clade-EC2H_XX_sp.	Chrysophyceae	Stramenopiles
DQ647519.1.1771_U|18S_rRNA|nucleus|clone_CD8.18|Eukaryota|TSAR|Stramenopiles|Gyrista|Chrysophyceae|Chrysophyceae_Clade-EC2H|Chrysophyceae_Clade-EC2H_X|Chrysophyceae_Clade-EC2H_XX|Chrysophyceae_Clade-EC2H_XX_sp.	Chrysophyceae	Stramenopiles
AY426840.1.1777_U|18S_rRNA|nucleus|clone_BL000921.17|Eukaryota|TSAR|Stramenopiles|Gyrista|Chrysophyceae|Chrysophyceae_Clade-EC2I|Chrysophyceae_Clade-EC2I_X|Chrysophyceae_Clade-EC2I_XX|Chrysophyceae_Clade-EC2I_XX_sp.	Chrysophyceae	Stramenopiles
EF165124.1.1786_U|18S_rRNA|nucleus|strain_AC24|Eukaryota|TSAR|Stramenopiles|Gyrista|Chrysophyceae|Ochromonadales|Ochromonadaceae|Melkoniana|Melkoniana_sp.	Chrysophyceae	Stramenopiles
EF027354.1.1791_U|18S_rRNA|nucleus|strain_GOT-220|Eukaryota|TSAR|Stramenopiles|Gyrista|Chrysophyceae|Ochromonadales|Ochromonadaceae|Spumella|Spumella_sp.	Chrysophyceae	Stramenopiles
KT905424.1.1786_U|18S_rRNA|nucleus||Eukaryota|TSAR|Stramenopiles|Gyrista|Chrysophyceae|Ochromonadales|Ochromonadales_clade-V|Ochromonadales_clade-V_X|Ochromonadales_clade-V_X_sp.	Chrysophyceae	Stramenopiles
EF165142.1.1771_U|18S_rRNA|nucleus|strain_CCMP1393|Eukaryota|TSAR|Stramenopiles|Gyrista|Chrysophyceae|Ochromonadales|Ochromonadales_clade-VIII|Ochromonadales_clade-VIII_X|Ochromonadales_clade-VIII_X_sp.	Chrysophyceae	Stramenopiles
JQ967310.1.1679_U|18S_rRNA|nucleus||Eukaryota|TSAR|Stramenopiles|Gyrista|Chrysophyceae|Paraphysomonadales|Paraphysomonadaceae|Paraphysomonas|Paraphysomonas_dimorpha	Chrysophyceae	Stramenopiles
AB749114.1.1716_U|18S_rRNA|nucleus|clone_Cn-St.1-65|Eukaryota|TSAR|Stramenopiles|Gyrista|Chrysophyceae|Paraphysomonadales|Paraphysomonadaceae|Paraphysomonas|Paraphysomonas_sp.	Chrysophyceae	Stramenopiles
DQ647511.1.1763_U|18S_rRNA|nucleus|clone_CD8.06|Eukaryota|TSAR|Stramenopiles|Gyrista|Chrysophyceae|Paraphysomonadales|Paraphysomonadales_Clade-EC1Ga|Paraphysomonadales_Clade-EC1Ga_X|Paraphysomonadales_Clade-EC1Ga_X_sp.	Chrysophyceae	Stramenopiles
FJ537322.1.1780_U|18S_rRNA|nucleus|clone_Biosope_T39.120|Eukaryota|TSAR|Stramenopiles|Gyrista|Chrysophyceae|Paraphysomonadales|Paraphysomonadales_Clade-EC1Ga|Paraphysomonadales_Clade-EC1Ga_X|Paraphysomonadales_Clade-EC1Ga_X_sp.	Chrysophyceae	Stramenopiles
JQ781947.1.1779_U|18S_rRNA|nucleus|clone_155S8Be866|Eukaryota|TSAR|Stramenopiles|Gyrista|Chrysophyceae|Paraphysomonadales|Paraphysomonadales_Clade-EC1Ga|Paraphysomonadales_Clade-EC1Ga_X|Paraphysomonadales_Clade-EC1Ga_X_sp.	Chrysophyceae	Stramenopiles
KC582996.1.1777_U|18S_rRNA|nucleus|clone_RS.12f.10m.00180|Eukaryota|TSAR|Stramenopiles|Gyrista|Chrysophyceae|Paraphysomonadales|Paraphysomonadales_Clade-EC1Ga|Paraphysomonadales_Clade-EC1Ga_X|Paraphysomonadales_Clade-EC1Ga_X_sp.	Chrysophyceae	Stramenopiles
KF129656.1.1743_U|18S_rRNA|nucleus|clone_ST3500.071|Eukaryota|TSAR|Stramenopiles|Gyrista|Chrysophyceae|Paraphysomonadales|Paraphysomonadales_Clade-EC1Ga|Paraphysomonadales_Clade-EC1Ga_X|Paraphysomonadales_Clade-EC1Ga_X_sp.	Chrysophyceae	Stramenopiles
U14385.1.1818_U|18S_rRNA|nucleus||Eukaryota|TSAR|Stramenopiles|Gyrista|Dictyochophyceae|Dictyochophyceae_X|Dictyochales|Dictyocha|Dictyocha_speculum	Dictyochophyceae	Stramenopiles
KC583002.1.1812_U|18S_rRNA|nucleus|clone_RS.12f.10m.237|Eukaryota|TSAR|Stramenopiles|Gyrista|Dictyochophyceae|Dictyochophyceae_X|Dictyochophyceae_XX|Dictyochophyceae_XXX|Dictyochophyceae_XXX_sp.	Dictyochophyceae	Stramenopiles
KJ759221.1.1812_U|18S_rRNA|nucleus|clone_SGYU935|Eukaryota|TSAR|Stramenopiles|Gyrista|Dictyochophyceae|Dictyochophyceae_X|Florenciellales|Florenciellales_X|Florenciellales_X_sp.	Dictyochophyceae	Stramenopiles
AB081517.1.1765_U|18S_rRNA|nucleus||Eukaryota|TSAR|Stramenopiles|Gyrista|Dictyochophyceae|Dictyochophyceae_X|Pedinellales|Pedinella|Pedinella_sp.	Dictyochophyceae	Stramenopiles
FR874720.1.1807_U|18S_rRNA|nucleus|clone_1815D01|Eukaryota|TSAR|Stramenopiles|Gyrista|Dictyochophyceae|Dictyochophyceae_X|Pedinellales|Pedinellales_X|Pedinellales_X_sp.	Dictyochophyceae	Stramenopiles
KC582988.1.1798_U|18S_rRNA|nucleus|clone_RS.12f.10m.0039|Eukaryota|TSAR|Stramenopiles|Gyrista|Dictyochophyceae|Dictyochophyceae_X|Pedinellales|Pedinellales_X|Pedinellales_X_sp.	Dictyochophyceae	Stramenopiles
KJ759450.1.1797_U|18S_rRNA|nucleus|clone_SGYO1491|Eukaryota|TSAR|Stramenopiles|Gyrista|Dictyochophyceae|Dictyochophyceae_X|Pedinellales|Pedinellales_X|Pedinellales_X_sp.	Dictyochophyceae	Stramenopiles
EF527119.1.1787_U|18S_rRNA|nucleus|clone_SA2_1C5|Eukaryota|TSAR|Stramenopiles|Gyrista|Dictyochophyceae|Dictyochophyceae_X|Pedinellales|Pedinellales_X|Pedinellales_X_sp.	Dictyochophyceae	Stramenopiles
JN680741.1.1801_U|18S_rRNA|nucleus|clone_73s|Eukaryota|TSAR|Stramenopiles|Gyrista|Dictyochophyceae|Dictyochophyceae_X|Pedinellales|Pedinellales_X|Pedinellales_X_sp.	Dictyochophyceae	Stramenopiles
ON888438.1.1797_U|18S_rRNA|nucleus|clone_|Eukaryota|TSAR|Stramenopiles|Gyrista|Dictyochophyceae|Dictyochophyceae_X|Pedinellales|Pteridomonas|Pteridomonas_sp.	Dictyochophyceae	Stramenopiles
AB191422.1.1644_U|18S_rRNA|nucleus|clone_TAGIRI-14|Eukaryota|TSAR|Stramenopiles|Gyrista|Gyrista_X|Gyrista_XX|MAST-1|MAST-1C|MAST-1C_sp.	MAST-1C	Stramenopiles
JQ782004.1.1784_U|18S_rRNA|nucleus|clone_155D3Be4vg|Eukaryota|TSAR|Stramenopiles|Gyrista|Gyrista_X|Gyrista_XX|MAST-1|MAST-1C|MAST-1C_sp.	MAST-1C	Stramenopiles
AJ402350.1.1758_U|18S_rRNA|nucleus|clone_|Eukaryota|TSAR|Stramenopiles|Gyrista|Gyrista_X|Gyrista_XX|MAST-1|MAST-1D|MAST-1D_sp.	MAST-1D	Stramenopiles
GBSA01018018.19.1806_U|18S_rRNA|nucleus|strain_CCMP_160|Eukaryota|TSAR|Stramenopiles|Gyrista|Mediophyceae|Chaetocerotales|Chaetocerotaceae|Chaetoceros|Chaetoceros_affinis	Diatomea	Stramenopiles
MG972255.1.1729_U|18S_rRNA|nucleus||Eukaryota|TSAR|Stramenopiles|Gyrista|Mediophyceae|Chaetocerotales|Chaetocerotaceae|Chaetoceros|Chaetoceros_constrictus	Diatomea	Stramenopiles
JF790992.1.1777_U|18S_rRNA|nucleus|clone_1134|Eukaryota|TSAR|Stramenopiles|Gyrista|Mediophyceae|Chaetocerotales|Chaetocerotaceae|Chaetoceros|Chaetoceros_muelleri	Diatomea	Stramenopiles
GU823506.1.1203_U|18S_rRNA|nucleus|clone_BCB5F14RM3C05|Eukaryota|TSAR|Stramenopiles|Gyrista|Mediophyceae|Mediophyceae_X|Mediophyceae_XX|Mediophyceae_XXX|Mediophyceae_XXX_sp.	Diatomea	Stramenopiles
EF526882.1.1809_U|18S_rRNA|nucleus|clone_NIF_1D10|Eukaryota|TSAR|Stramenopiles|Gyrista|MOCH-2|MOCH-2_X|MOCH-2_XX|MOCH-2_XXX|MOCH-2_XXX_sp.	MOCH-2	Stramenopiles
HQ438119.1.1613_U|18S_rRNA|nucleus|clone_North_Pole_SI120_23|Eukaryota|TSAR|Stramenopiles|Gyrista|MOCH-2|MOCH-2_X|MOCH-2_XX|MOCH-2_XXX|MOCH-2_XXX_sp.	MOCH-2	Stramenopiles
KJ759482.1.1801_U|18S_rRNA|nucleus|clone_SGYO416|Eukaryota|TSAR|Stramenopiles|Gyrista|MOCH-2|MOCH-2_X|MOCH-2_XX|MOCH-2_XXX|MOCH-2_XXX_sp.	MOCH-2	Stramenopiles
KJ759516.1.1803_U|18S_rRNA|nucleus|clone_SGYO477|Eukaryota|TSAR|Stramenopiles|Gyrista|MOCH-2|MOCH-2_X|MOCH-2_XX|MOCH-2_XXX|MOCH-2_XXX_sp.	MOCH-2	Stramenopiles
AF438325.1.1776_U|18S_rRNA|nucleus|strain_CCMP1537|Eukaryota|TSAR|Stramenopiles|Gyrista|Pinguiophyceae|Pinguiochrysidales|Pinguiochrysidaceae|Glossomastix|Glossomastix_chrysoplasta	Pinguiophyceae	Stramenopiles
KC583001.1.1813_U|18S_rRNA|nucleus|clone_RS.12f.10m.70|Eukaryota|TSAR|Stramenopiles|Gyrista|Pinguiophyceae|Pinguiochrysidales|Pinguiochrysidaceae|Phaeomonas|Phaeomonas_parva	Pinguiophyceae	Stramenopiles
AJ564773.1	Telonemia	Telonemia
AJ564770.1.1795_U|18S_rRNA|nucleus|clone_BL010625.25|Eukaryota|TSAR|Telonemia|Telonemia_X|Telonemia_XX|Telonemia_XXX|Telonemia-Group-1|Telonemia-Group-1_X|Telonemia-Group-1_X_sp.	Telonemia	Telonemia
AM418563.1.1798_U|18S_rRNA|nucleus|clone_IND31.100|Eukaryota|TSAR|Telonemia|Telonemia_X|Telonemia_XX|Telonemia_XXX|Telonemia-Group-2|Telonemia-Group-2_X|Telonemia-Group-2_X_sp.	Telonemia	Telonemia
KF129904.1.1756_U|18S_rRNA|nucleus|clone_ST3960.034|Eukaryota|TSAR|Telonemia|Telonemia_X|Telonemia_XX|Telonemia_XXX|Telonemia-Group-2|Telonemia-Group-2_X|Telonemia-Group-2_X_sp.	Telonemia	Telonemia
HM135058.1.1733_U|18S_rRNA|nucleus|clone_STFeb_122|Eukaryota|TSAR|Telonemia|Telonemia_X|Telonemia_XX|Telonemia_XXX|Telonemia-Group-2|Telonemia-Group-2_X|Telonemia-Group-2_X_sp.	Telonemia	Telonemia