lca_taxonomy	BL180116	BL180213	BL180306	BL180410	BL180508	BL180613	BL180704	BL180801	BL180913	BL181009	BL181105	BL181211	BL190115	BL190212	BL190312	BL190514	BL190611	BL190709	BL190805	BL190917	BL191203	BL200130	BL200211	BL200310	BL200512	BL200609	BL200707	BL200804	BL200915	BL201013	BL201110	BL201215
Mamiellophyceae;ICM0001_COSAG.1	1663780	1125518	2228552	663556	123353	1129	898	137	96	38821	278367	1560593	1849607	2042303	2046993	62928	724141	68590	67	18921	208638	456491	821160	757267	16537	694	1516	1177	6360	8858	54105	782720
Mamiellophyceae;ICM0062_COSAG.1	93594	57003	102361	19775	4470	430	8894	2109	40	235225	125750	653790	253250	196936	83628	20872	154661	478217	3812	464957	57986	72954	83523	50278	486	950	29400	139829	51101	11410	11252	108216
Mamiellophyceae;ICM0030_SAG.1	208143	299037	606456	49408	15898	227	80	313	10	5547	4706	51700	223132	397243	432610	13555	2219	1894	73	243	31663	145368	290410	182855	5851	25	52	10	39	714	10663	67389
lca:Mamiellophyceae	229910	158896	322608	83717	16901	475	1185	595	342	30804	45054	284039	269896	284334	278469	11329	100469	54398	777	46564	32840	71598	118527	100804	3168	440	3043	15171	5952	2892	8440	105682
Prymnesiophyceae;ICM0065_COSAG.1	23410	32399	35331	3299	97461	27633	39217	84857	305732	285907	101299	108873	80470	29365	12945	243958	144891	47599	12500	78201	61257	10088	10245	36917	69595	11562	185430	14474	38384	111787	39159	142784
MAST-4;ICM0010_COSAG.1	42589	38633	75505	77914	137419	36861	11496	52252	230173	119470	41695	41460	32887	93509	50105	123023	156217	99127	1377	22394	49070	44982	13327	159083	33363	66771	117732	1133	14451	126544	61037	61203
Mamiellophyceae;ICM0028_COSAG.1	86893	65133	64562	5115	3659	199	525	1005	242	65409	57972	679769	287984	248666	171581	7088	4235	19119	1865	45506	43152	53946	56622	34670	3055	248	1614	71110	8181	2905	2840	48201
Prymnesiophyceae;ICM0003_COSAG.1	181547	195688	192899	2981	10421	262	107	80	2061	10972	16119	50792	183339	176366	166005	16942	1794	2289	12	2016	53404	112883	72155	107278	7099	9	91	12	1704	20758	26380	122760
Mamiellophyceae;ICM0077_COSAG.1	493701	148862	149506	13123	1414	69	85	159	55	9632	25266	19485	53294	37212	72947	2144	4477	3579	59	9136	22955	18142	22163	27588	287	30	164	1432	8926	46430	23778	27851
Chlorarachnea;ICM0041_COSAG.1	47	54	80	31	559	62500	58580	133374	84928	20780	510	250	118	89	64	4710	29131	35000	33353	71052	20006	49	43	2725	8627	51222	120156	216386	102817	44689	21188	3657
MOCH-2;ICM0075_COSAG.1	25360	40728	51911	9752	47814	4086	268	1877	6175	49291	64461	99349	114087	37480	14803	57338	50667	6867	15	5764	55212	18238	11014	22107	29551	861	2773	73	852	47437	28943	149664
Mamiellophyceae;ICM0096_SAG.1	72068	95510	189649	14835	5027	59	42	113	14	3537	2312	21772	68888	125438	137156	4123	1053	705	29	654	10196	44800	85617	53565	1727	23	41	107	307	565	3844	22090
Choanoflagellata;ICM0019_COSAG.1	23	24	21	24	18169	47688	126287	107836	61702	11942	304	4983	1132	173	297	1624	13167	31229	6274	19007	666	45	34	214	5518	6689	124118	22176	29681	19643	10696	1481
Chrysophyceae;ICM0048_COSAG.1	66	56	86	100	28602	72178	3142	24224	95378	9655	179	49	92	76	284	28848	95280	41774	4079	6602	261	136	78	1149	16121	10864	58251	2337	2429	16971	5353	626
Dictyochophyceae;ICM0016_COSAG.1	181	110	112	54	11993	6601	324	11690	78431	10418	845	713	745	162	358	29070	11030	16811	1149	4334	1242	70	41	2612	5678	2365	236626	589	1782	19828	4849	3231
Chrysophyceae;ICM0098_SAG.1	3	2	7	4	1011	64290	3447	13345	94879	30238	540	51	36	17	24	8428	21334	40687	1051	14721	841	22	0	232	2353	47183	53585	271	3139	44324	10588	2809
MAST-4;ICM0042_COSAG.1	1252	1090	2024	2086	3322	865	501	3980	76226	113291	6501	15853	4070	2598	1444	3178	3286	2087	2373	20041	16096	1803	410	4092	882	1111	3436	2260	43178	70538	17156	18030
lca:Prymnesiophyceae	9887	13716	20232	15796	12794	7341	5040	13510	22873	23396	13224	12277	28040	15835	24615	24467	18793	14197	2954	9365	8117	6421	6223	9910	14316	3915	15773	7074	5008	15037	7150	13349
Prymnesiophyceae;ICM0114_SAG.1	810	1589	2619	2384	29545	14661	1807	5564	32291	24251	6672	2318	7450	2340	2591	92965	57856	20471	476	5687	3149	748	1627	4344	4239	5521	15509	401	803	27249	7458	4420
Chrysophyceae;ICM0079_COSAG.1	2	5	7	8	2224	16085	5172	28581	107921	14706	240	22	11	32	47	21349	8560	51003	1407	8850	137	23	11	843	1950	18028	32060	1221	2027	17400	5399	916
Prymnesiophyceae;ICM0124_SAG.1	14644	18156	24836	3011	1184	350	421	642	1010	20273	28886	30357	45068	25738	11717	1414	394	1812	259	12565	14926	10894	7918	9921	868	106	4356	27952	3296	11337	2424	9396
MAST-3;ICM0006_COSAG.1	304	189	74	198	25662	34260	623	2844	8889	4633	1057	2691	884	578	150	3002	62520	6816	1790	2884	9443	2609	1096	848	45125	52461	4155	3534	10024	22713	7280	6735
Prymnesiophyceae;ICM0115_COSAG.1	7879	7826	10833	40133	3485	886	936	1970	7437	26070	20516	10396	20694	10303	30638	6544	4362	18632	150	4323	5925	4592	4403	9238	10440	366	1578	568	1568	17631	7496	14512
Prymnesiophyceae;ICM0101_COSAG.1	464	424	572	593	6275	2860	6190	13752	31623	40775	11284	3153	2521	704	1372	16866	11985	40669	1377	18443	4616	340	173	494	6804	2445	28387	9397	14057	21628	3050	6551
Prymnesiophyceae;ICM0122_COSAG.1	3388	4782	5899	2005	3128	3466	4368	16951	21061	22213	7656	13691	29066	15191	21491	3255	4795	13509	946	8861	11044	5355	4765	8959	4433	811	9620	6963	3423	8984	6942	15314
Chrysophyceae;ICM0002_COSAG.1	505	126	60	1815	74200	2161	435	5335	2355	16839	3114	1240	1331	389	11502	28966	9139	32234	346	2258	13317	251	151	3176	16577	1499	6007	262	736	18744	9322	11038
Prymnesiophyceae;ICM0106_COSAG.1	331	456	736	551	1591	2451	3010	24441	32694	36400	6996	1491	1774	699	1048	12579	4225	20601	864	35593	1399	321	225	473	3101	844	35618	10533	8965	12696	1250	1801
Prymnesiophyceae;ICM0082_COSAG.1	4376	1697	894	537	311	65	61	626	976	8730	28135	42959	33186	9169	17178	1003	172	739	882	17675	18218	3794	1660	10133	681	36	868	2677	4761	7698	2845	14407
Bolidophyceae;ICM0091_COSAG.1	69	46	129	38	167	2115	1342	38092	18333	14326	624	155	51	71	50	5378	34769	41651	683	3903	236	28	15	57	3599	10418	8927	5326	1238	9335	4634	289
MAST-1;ICM0013_COSAG.1	320	15043	30707	23801	20622	354	35	119	313	3091	1461	20986	12284	7747	28659	5155	1423	130	45	178	1409	10591	11245	4322	2382	125	57	124	22	1143	1002	1008
lca:	9587	9023	16854	5212	5377	3106	2033	4013	8320	6193	3733	7609	10925	11052	9814	6423	7550	4447	2546	3402	4503	4839	6205	6458	4262	3083	4293	3502	2797	4455	3146	7077
MAST-7;ICM0052_COSAG.1	56	52	1019	46	17	662	6949	31537	26716	31219	879	673	54	86	42	430	37	4680	3343	10202	545	45	7	93	14	179	28134	7103	14157	10950	5012	1912
Prymnesiophyceae;ICM0004_COSAG.1	260	391	560	322	29732	25202	3140	6632	1977	1601	510	453	624	310	675	21430	6080	11966	7661	1225	531	335	362	599	16709	12726	27754	1088	522	1004	1205	999
MAST-8;ICM0024_COSAG.1	1272	1837	4191	1965	15621	7957	1053	3104	9622	5817	2059	4157	3616	1473	1740	10733	30696	8858	191	1837	2598	2324	527	2313	31351	1691	7982	296	471	6849	3655	2356
MAST-3;ICM0007_COSAG.1	363	1265	733	181	69840	15800	36	210	37	190	95	176	148	1549	306	41823	16347	213	43	42	879	3757	748	2282	4283	3333	530	5	23	482	862	2030
Chrysophyceae;ICM0092_COSAG.1	14	18	44	42	1721	674	130	3115	69434	8278	440	34	43	20	215	1716	931	3983	119	28116	238	14	18	88	303	322	1276	7576	14619	9263	755	341
MAST-1;ICM0026_COSAG.1	535	3037	3049	4704	17288	3808	712	4993	13749	9521	1807	1744	2973	1700	754	6616	11715	10968	160	1859	1367	1432	526	4519	11813	9065	2131	510	469	6283	4109	2127
Prymnesiophyceae;ICM0130_SAG.1	909	524	291	316	265	351	668	2976	10144	44563	10286	5521	1614	1215	353	880	623	860	590	11628	3506	427	120	456	350	374	4091	7276	8015	9890	1825	3662
Chrysophyceae;ICM0080_SAG.1	9	6	11	0	5	37134	1182	5402	26257	7919	130	25	39	23	17	621	50	534	12470	16955	83	7	2	25	7	704	3120	4226	11884	4631	165	34
Picozoa;ICM0036_COSAG.1	8645	5006	3482	6850	11519	1567	136	334	379	5405	2130	4610	6726	4520	4491	12801	10557	2088	21	284	3396	4141	1446	6781	6414	554	174	92	88	2577	3840	6492
Mamiellophyceae;ICM0063_COSAG.1	3754	2575	6351	1044	248	311	209	785	149	12412	557	4482	2689	2505	2759	2702	557	336	192	64822	539	714	958	1069	306	441	405	2265	6896	1200	439	1029
Prymnesiophyceae;ICM0107_COSAG.1	367	243	248	206	485	1058	1079	17778	15369	9493	1642	851	1665	309	549	3702	2271	9312	777	8455	902	123	107	168	881	393	6671	21337	8547	6891	1036	1454
Prymnesiophyceae;ICM0125_SAG.1	203	325	471	82	3819	5909	2359	22310	13085	3313	1584	542	1218	615	994	6872	7631	10115	1253	2377	830	469	595	1397	518	582	10748	9084	3566	4023	922	1475
Prymnesiophyceae;ICM0127_SAG.1	854	920	1185	621	765	7233	12911	10699	3921	10034	6014	2243	3470	2002	2878	4842	5126	10676	716	2288	1709	821	787	2169	2638	400	6897	3042	929	2691	2006	2406
Prymnesiophyceae;ICM0109_SAG.1	223	245	238	92	7286	6642	238	1183	1789	10562	3092	308	600	243	380	22681	18759	4941	41	1515	1096	99	104	956	4969	2830	1145	46	423	12149	4857	1356
Dictyochophyceae;ICM0025_SAG.1	86	29	22	15	14924	7439	102	488	3670	6847	746	676	593	190	134	14360	15017	5723	114	581	2717	122	30	867	11918	918	1692	0	378	5138	1865	3713
Prymnesiophyceae;ICM0120_COSAG.1	996	1403	2455	2033	614	497	1020	7449	15528	8705	1723	1902	3797	2016	10345	2411	1113	4511	365	4421	1093	1159	1110	1714	1417	562	9330	1528	2034	3686	840	1794
Prymnesiophyceae;ICM0099_SAG.1	362	384	520	1856	222	58	300	6182	14186	36073	3632	922	1153	554	1391	576	439	6216	334	5533	1481	233	171	409	479	58	864	860	2204	8445	992	1414
MAST-3;ICM0045_COSAG.1	1816	1186	280	9776	3118	478	306	1202	4885	8597	199	79	114	200	91	1335	267	3172	921	10712	2790	216	48	7279	1078	595	691	14285	7925	2315	7439	3216
lca:Chrysophyceae	696	498	749	671	6645	3553	1364	3857	8333	3904	1171	567	688	998	1631	5535	3849	8257	955	3262	1829	652	674	1303	2545	3713	4065	1129	2303	4872	2549	1700
Chrysophyceae;ICM0086_SAG.1	3	3	8	10	667	460	190	5080	14682	11790	102	18	5	27	26	992	384	3085	171	1313	183	29	1	102	440	14989	10656	489	399	14263	1984	449
MAST-7;ICM0050_SAG.1	699	521	1320	555	106	653	629	10005	5568	10074	1110	4125	521	1467	546	387	715	1902	548	3088	1561	244	113	899	203	100	4783	3009	6500	5748	5060	4167
Diatomea;ICM0074_SAG.1	4195	511	556	210	142	18	1057	20	22	3535	3794	3983	2571	7604	277	240	989	3537	2178	5145	2648	3867	4523	5428	14	99	628	4978	4996	1498	294	935
Prymnesiophyceae;ICM0083_SAG.1	470	780	1955	2169	1219	574	280	1314	6797	4623	1718	391	2255	660	4766	6019	11858	3294	159	963	597	464	2231	246	125	739	5418	866	289	4118	534	648
MAST-7;ICM0043_COSAG.1	978	1705	495	176	2476	93	7	18	12260	8790	409	342	1058	2186	348	2514	949	207	6	4726	1337	472	62	1093	1761	17	14	21	12976	7039	548	738
Prymnesiophyceae;ICM0084_SAG.1	1284	4080	5984	696	1332	189	66	279	1691	1699	2924	2783	7691	2911	1449	3484	1942	663	25	378	2050	818	1201	1264	1901	51	427	98	110	1130	756	4064
Prymnesiophyceae;ICM0102_SAG.1	82	115	160	127	2270	1431	203	615	12383	2126	766	280	354	140	266	6794	3128	2220	68	1814	512	73	47	139	997	137	2489	204	1010	7874	1609	1298
MALV-I;ICM0021_SAG.1	324	1851	2401	29330	8477	1615	249	56	68	253	86	355	419	331	264	913	470	110	9	33	216	567	305	672	789	53	88	27	29	157	430	485
Prymnesiophyceae;ICM0108_SAG.1	63	107	179	114	278	884	171	13811	12076	2188	261	87	357	146	264	2112	4955	832	289	861	109	36	73	116	926	226	3703	1811	659	2506	204	235
Prymnesiophyceae;ICM0110_SAG.1	263	253	524	93	341	645	245	4961	5840	2857	3035	1195	2493	449	344	2506	1319	3307	381	3321	362	128	142	178	669	1111	1474	4701	1939	2438	569	680
lca:MAST-4	952	884	1679	1819	2719	640	236	1186	4291	3122	777	1169	786	2033	1177	2162	2700	1659	45	505	1325	998	340	3402	656	996	2021	160	645	2743	1268	1479
Labyrinthulomycetes;ICM0054_COSAG.1	83	90	153	62	106	410	452	2906	2879	5080	597	246	155	111	93	279	112	650	5050	3265	158	220	110	87	119	143	902	6431	11203	2426	357	174
Centroplasthelida;ICM0095_COSAG.1	968	633	1216	461	1018	356	191	608	18372	549	316	513	1051	940	659	1271	1184	505	218	4166	394	368	542	487	516	422	645	711	2825	601	342	684
Prymnesiophyceae;ICM0116_SAG.1	944	1250	2219	893	1001	393	300	2562	2461	1570	1482	1488	3154	1696	4128	2026	1325	763	96	1116	686	709	882	1185	863	181	1066	1439	2643	1040	653	1372
Dictyochophyceae;ICM0069_SAG.1	814	574	924	627	374	322	39	638	1280	9183	2465	7712	2186	676	157	448	1211	213	27	1532	1871	277	172	239	144	56	467	713	364	2379	288	2474
Diatomea;ICM0068_COSAG.1	1185	2261	845	116	149	74	145	113	51	2039	2335	1444	1111	2111	1210	3588	1329	1930	465	6092	1918	1517	720	999	50	11	744	423	2603	87	262	1644
Prymnesiophyceae;ICM0103_SAG.1	104	135	226	147	101	684	994	11428	4348	3763	1518	185	364	146	216	680	813	1349	397	2379	160	61	48	76	301	114	3746	1544	854	1266	170	242
Labyrinthulomycetes;ICM0044_SAG.1	35	10	17	10	143	7326	2539	681	219	575	966	483	45	21	31	168	1588	1542	605	1165	1031	40	47	50	657	4079	6379	4018	1570	522	804	781
Prymnesiophyceae;ICM0132_SAG.1	187	153	157	88	217	55	23	596	10051	8026	764	326	408	240	343	797	422	415	105	1835	492	108	65	89	270	62	1832	980	633	5255	1592	1110
Diatomea;ICM0097_SAG.1	1113	545	1013	111	223	106	54	265	171	494	4000	6657	2202	3365	331	445	335	1064	68	219	2715	2480	3586	3091	162	77	236	926	781	195	96	322
Prymnesiophyceae;ICM0104_SAG.1	157	222	248	95	1231	1065	111	1764	8193	1065	849	300	344	182	133	3285	5089	245	228	645	506	83	59	325	1448	234	3353	247	233	1936	487	677
Prymnesiophyceae;ICM0078_COSAG.1	275	151	392	125	94	49	770	2158	5718	5424	918	718	472	353	273	329	108	67	213	3667	1244	246	220	961	50	9	116	1908	2238	1966	1205	1914
Prymnesiophyceae;ICM0015_COSAG.1	4	3	6	7	14283	2162	348	1041	271	195	12	3	3	6	5	2143	419	1152	1448	112	8	4	2	67	2531	1041	4861	210	47	78	301	141
Picozoa;ICM0055_SAG.1	51	30	35	9	2276	64	337	2229	996	17227	106	45	38	26	97	530	124	1514	27	1866	39	41	8	227	250	29	212	226	2113	1345	295	158
Prymnesiophyceae;ICM0111_SAG.1	217	482	840	2331	1037	75	70	165	5266	1734	2171	466	1703	769	2029	3015	1268	905	4	312	241	237	223	415	979	68	568	127	342	3371	423	585
Prymnesiophyceae;ICM0071_SAG.1	226	151	220	198	203	2861	197	2739	5318	595	143	115	934	486	713	1879	3066	837	119	601	97	60	146	213	1790	341	5741	1006	195	539	131	226
Choanoflagellata;ICM0056_SAG.1	61	466	228	55	975	1867	388	4911	2067	2024	279	439	621	475	29	942	236	47	1215	642	369	3212	164	506	397	106	4870	683	921	1036	425	619
MAST-7;ICM0059_SAG.1	23	6	18	13	17	2	5	10981	4010	4206	273	729	201	43	8	93	9	9	16	2290	818	49	4	17	7	10	395	427	1335	2893	576	510
Labyrinthulomycetes;ICM0009_SAG.1	106	77	17	8	1500	271	0	19	5	89	321	196	112	207	77	24	8	4	1	5	2131	564	113	22453	145	2	10	3	10	29	188	717
MAST-7;ICM0134_COSAG.1	605	936	434	222	1303	52	54	47	2013	1053	135	316	616	1319	324	1237	609	154	65	765	748	248	40	684	878	30	135	5366	6664	659	288	377
Prymnesiophyceae;ICM0105_SAG.1	118	205	287	266	152	426	236	1279	4460	2485	1655	179	974	530	609	833	2325	2294	16	456	151	141	144	153	241	309	3388	83	213	2217	401	672
MAST-8;ICM0017_SAG.1	576	1902	1234	399	1372	259	15	84	220	1464	486	2654	964	375	779	1136	2170	568	13	142	1004	1676	69	645	4268	45	131	62	25	1088	1072	878
MAST-1;ICM0060_SAG.1	153	367	433	4	5965	514	72	819	475	2996	615	1265	722	293	18	558	2723	842	66	212	675	271	83	69	2258	236	735	15	79	1036	831	1927
Prymnesiophyceae;ICM0128_SAG.1	163	311	474	425	304	94	83	1368	5300	3403	628	255	908	473	1462	734	546	363	29	1603	180	180	187	340	417	40	585	1642	873	1181	202	360
MAST-9;ICM0138_SAG.1	22	26	31	6	23	28	340	3591	5384	1681	222	44	36	27	12	79	33	549	245	1277	76	28	19	32	144	1322	6120	1762	209	1332	83	68
Chrysophyceae;ICM0031_SAG.1	10	10	18	5	8486	272	21	96	287	300	13	8	18	14	17	7581	1128	355	34	51	32	3	6	1110	2405	170	137	3	9	399	659	216
Prymnesiophyceae;ICM0089_SAG.1	71	136	245	189	118	58	296	3724	4894	2504	561	168	371	170	451	383	401	914	58	1378	130	83	75	110	498	42	971	947	676	1440	119	185
Chrysophyceae;ICM0070_SAG.1	40	229	140	153	594	326	134	2623	1641	889	294	142	51	54	379	421	1040	163	317	464	914	387	213	1266	1736	388	1909	786	1281	450	329	1135
Choanoflagellata;ICM0008_SAG.1	13	13	8	947	1298	4020	686	104	4875	1255	27	29	59	37	60	545	2116	189	94	21	21	59	34	493	45	381	2116	3	5	531	196	48
Prymnesiophyceae;ICM0123_SAG.1	109	217	289	360	132	76	26	164	2405	4486	1134	210	637	417	647	579	426	270	20	3592	167	131	81	146	248	36	305	80	1015	1046	133	245
Prymnesiophyceae;ICM0113_SAG.1	224	139	252	223	384	500	68	227	1722	1133	228	183	1062	545	485	5438	2142	902	36	159	98	38	58	92	947	508	422	71	28	735	165	257
MAST-3;ICM0051_COSAG.1	41	92	77	19	165	15	2	291	120	5063	1419	160	113	144	73	428	47	107	21	2773	1853	147	26	157	19	11	57	216	2436	1074	290	1541
Prymnesiophyceae;ICM0131_SAG.1	303	407	286	51	67	23	19	250	5125	1441	1399	1436	516	252	110	109	190	109	8	603	639	130	70	60	128	29	643	43	82	2609	229	1044
Prymnesiophyceae;ICM0126_SAG.1	47	81	145	139	287	144	58	454	6187	1846	384	80	211	101	228	612	1319	200	43	379	181	35	51	55	1152	42	417	175	248	2035	494	372
lca:Diatomea	950	1316	1074	145	272	92	75	189	103	405	1098	744	888	1857	661	610	360	652	125	650	840	965	575	969	161	60	351	557	334	120	154	839
Kinetoplastea;ICM0133_SAG.1	156	24	44	121	119	94	732	4420	419	686	220	92	104	115	63	91	332	522	161	467	70	26	22	85	54	141	1921	1304	641	4158	173	191
Chrysophyceae;ICM0053_COSAG.1	20	17	23	20	841	297	64	529	2856	970	84	27	19	26	121	602	398	1314	320	1427	135	53	20	50	242	193	697	71	3831	1884	297	151
Chlorarachnea;ICM0011_COSAG.1	282	260	131	5	12751	19	5	8	6	18	87	191	334	260	63	647	431	41	1	3	469	183	244	268	95	5	0	3	0	30	172	496
Dictyochophyceae;ICM0027_SAG.1	139	15	9	11	2665	126	5	12	75	1410	152	51	76	48	133	4472	1387	355	0	61	223	11	12	593	1425	45	120	0	3	991	1556	810
MAST-3;ICM0037_SAG.1	95	232	34	116	7250	55	1	6	6	159	128	32	135	290	308	3324	1555	33	0	7	335	74	8	534	1298	140	8	1	0	74	219	484
MALV-II;ICM0033_SAG.1	129	58	168	4	5287	1327	50	18	23	54	113	93	346	265	268	2550	1204	45	4	6	288	260	244	972	1011	20	61	3	4	54	104	795
MAST-3;ICM0144_SAG.1	4	9	9	62	272	967	876	288	623	342	27	34	13	17	16	382	611	586	456	575	68	16	3	59	147	466	275	3638	3248	421	112	42
Prymnesiophyceae;ICM0118_SAG.1	57	75	130	130	79	108	56	941	3800	769	122	84	154	88	180	689	633	281	56	1395	71	20	40	59	299	87	789	1014	943	466	116	123
lca:MAST-7	663	754	993	461	648	91	41	271	492	691	244	339	442	1436	429	636	612	260	63	220	456	304	110	772	413	24	185	108	488	367	288	384
Prymnesiophyceae;ICM0129_SAG.1	149	218	269	157	338	111	106	259	1842	472	416	229	433	191	796	874	442	181	21	1289	187	109	108	219	357	26	213	110	2250	604	189	312
Mamiellophyceae;ICM0090_SAG.1	1126	805	2212	427	206	36	21	97	228	232	185	627	926	1185	1136	149	558	319	31	292	208	413	662	433	69	22	42	199	93	79	53	384
Prymnesiophyceae;ICM0121_SAG.1	112	211	307	187	305	248	223	667	2263	546	487	217	362	165	450	497	665	1129	156	413	191	96	104	138	348	197	748	105	292	816	351	348
MAST-2;ICM0035_SAG.1	480	407	483	644	1993	155	15	4	9	56	526	675	370	232	365	1711	970	322	2	39	455	98	440	621	908	56	16	5	3	153	212	902
Chrysophyceae;ICM0085_SAG.1	1	2	8	4	673	625	389	1408	2188	481	94	16	4	5	15	1316	488	42	772	271	41	4	9	168	145	104	1262	499	461	426	495	54
Diatomea;ICM0087_SAG.1	62	69	102	35	618	116	55	77	48	1148	130	41	32	90	40	1067	2465	1774	10	1195	25	40	48	749	44	91	64	1484	100	38	13	27
Prymnesiophyceae;ICM0072_SAG.1	65	55	68	138	25	11	28	455	554	3976	343	194	176	65	137	157	32	99	38	2185	165	54	18	61	68	3	95	753	928	327	86	216
Chrysophyceae;ICM0029_SAG.1	3	2	4	4	2624	18	2	62	155	229	5	2	6	5	24	4215	742	62	2	20	14	1	2	51	1580	229	118	6	7	219	297	146
Chlorophyta;ICM0093_SAG.1	8	24	17	6	32	46	26	78	192	129	256	320	168	52	28	98	933	192	56	216	1409	47	32	26	320	4217	77	11	156	520	236	898
Prymnesiophyceae;ICM0100_SAG.1	122	207	377	472	235	121	29	223	853	263	238	164	778	290	1236	950	814	520	14	130	112	84	150	195	478	68	406	167	311	362	104	257
Pinguiophyceae;ICM0066_SAG.1	23	30	41	17	23	35	40	1303	242	73	40	26	36	26	15	31	38	52	56	276	42	26	8	25	38	41	60	7007	294	49	41	58
Picozoa;ICM0147_SAG.1	29	22	27	6	55	65	129	977	1277	3152	122	25	26	23	26	91	278	483	45	285	30	28	5	44	35	133	651	264	236	901	137	39
MAST-7;ICM0049_SAG.1	380	242	566	304	44	41	6	116	594	1722	58	185	109	581	139	84	340	154	11	468	70	105	18	310	20	16	53	99	1958	174	106	165
Ciliophora;ICM0146_SAG.1	153	114	184	151	298	150	116	449	331	230	299	471	708	202	353	423	342	176	151	107	188	295	842	178	238	91	725	105	47	485	162	447
Diatomea;ICM0067_COSAG.1	94	220	82	23	33	127	61	58	112	378	221	138	130	229	219	162	40	137	99	327	214	142	96	294	73	27	149	1755	2253	127	57	179
Picozoa;ICM0040_SAG.1	147	120	173	77	567	72	16	485	225	1848	445	218	200	398	126	161	264	211	6	153	119	284	54	167	83	74	240	143	102	358	208	485
Unknown;ICM0057_COSAG.1	9	15	7	36	147	41	9	1969	1029	1836	66	254	42	27	4	77	42	113	155	75	38	26	6	19	70	65	393	456	146	285	197	170
Endomyxa;ICM0047_SAG.1	75	95	151	172	177	245	429	389	337	342	130	89	112	121	190	233	352	384	366	360	167	99	113	146	174	450	452	189	666	244	167	156
MALV-I;ICM0018_SAG.1	24	25	17	25	4465	152	6	15	30	24	11	28	78	29	9	1346	199	25	12	35	23	23	32	20	342	18	75	7	6	48	15	24
Prymnesiophyceae;ICM0112_SAG.1	130	249	303	291	141	33	30	181	593	239	146	123	592	305	655	565	388	360	3	80	80	108	127	166	217	29	195	81	238	183	100	144
Prymnesiophyceae;ICM0117_SAG.1	86	102	186	109	190	125	28	586	552	229	106	99	231	176	239	436	361	139	33	120	155	57	66	103	201	43	175	1029	95	208	103	106
Mamiellophyceae;ICM0064_SAG.1	702	421	1020	172	24	0	2	1	4	192	108	846	494	460	487	66	79	42	1	338	79	93	164	151	18	1	0	63	144	16	13	168
Prymnesiophyceae;ICM0142_SAG.1	158	240	233	169	277	82	41	141	306	182	270	146	358	215	928	326	231	153	9	247	83	109	111	164	233	23	79	65	111	201	112	235
Mamiellophyceae;ICM0073_SAG.1	268	263	557	84	153	50	32	80	151	311	80	99	109	199	216	970	460	118	0	63	32	61	127	108	127	2	135	37	89	159	64	93
Dinoflagellata;ICM0119_SAG.1	81	53	62	21	28	58	117	1088	248	152	222	1061	144	54	24	125	142	81	10	23	58	84	77	32	24	19	447	39	87	181	22	256
Choanoflagellata;ICM0145_SAG.1	5	6	0	3	8	15	36	2100	509	190	90	15	17	11	1	8	17	24	216	134	35	19	0	8	3	0	821	149	120	225	59	52
Chlorodendrophyceae;ICM0140_COSAG.1	35	28	58	11	6	28	67	186	5	19	3	6	25	41	44	24	14	17	701	118	8	20	21	11	10	6	60	744	2492	10	2	12
Centroplasthelida;ICM0094_SAG.1	0	0	2	0	1	10	3	89	1899	76	2	0	0	1	0	34	6	2	20	726	11	1	4	0	1	1	171	1163	339	108	14	5
MAST-3;ICM0046_SAG.1	35	52	42	7	6	16	28	80	266	456	114	92	103	45	19	9	8	51	83	68	424	42	11	47	14	18	102	400	587	680	366	336
lca:Dictyochophyceae	70	60	88	27	273	141	31	61	292	182	55	78	141	87	49	369	344	176	32	34	83	41	19	76	203	58	672	22	24	185	87	169
MAST-12;ICM0081_SAG.1	60	11	11	12	75	103	85	99	306	354	210	38	51	135	4	50	36	594	99	111	23	29	33	111	61	26	357	342	249	147	71	73
Tunicaraptor;ICM0137_SAG.1	17	18	36	16	43	99	197	293	623	142	54	73	49	32	41	49	73	109	411	157	58	34	28	15	35	184	263	105	492	103	39	53
MALV-I;ICM0012_SAG.1	4	14	3	15	2464	141	2	3	4	5	4	12	29	7	1	753	113	17	2	19	8	5	5	4	178	8	21	1	4	27	7	5
MAST-3;ICM0136_SAG.1	15	16	8	5	17	21	7	147	54	711	81	38	48	8	19	28	8	97	6	199	44	4	5	69	13	1	168	678	1138	88	20	77
Chrysophyceae;ICM0038_SAG.1	19	27	22	20	564	17	0	1	7	295	84	95	55	42	39	309	281	13	0	88	85	275	39	576	90	1	10	20	23	27	93	469
Chlorodendrophyceae;ICM0076_COSAG.1	17	19	31	1	7	67	46	58	9	14	9	21	21	31	14	26	32	44	134	10	5	7	33	13	41	14	13	2071	701	13	2	22
MALV-I;ICM0005_SAG.1	11	20	21	55	241	222	25	35	107	489	202	88	48	14	9	80	150	82	32	47	25	34	70	9	83	210	343	13	52	412	94	78
MALV-II;ICM0032_SAG.1	11	13	11	4	1480	8	0	2	21	61	10	35	16	9	12	98	21	19	59	6	37	28	17	11	1061	0	180	1	7	46	22	82
lca:Centroplasthelida	95	46	84	95	301	78	4	87	193	78	23	72	98	74	23	241	234	68	8	22	48	29	25	44	111	16	154	38	20	127	53	88
lca:MAST-3	14	24	15	28	307	238	11	60	54	65	32	17	31	12	8	126	248	77	18	25	78	42	16	27	144	240	83	30	33	132	152	124
Telonemia;ICM0039_SAG.1	49	110	183	210	515	4	2	74	67	59	26	56	74	124	39	115	196	94	6	3	18	31	17	37	68	75	13	14	6	57	30	36
Diatomea;ICM0141_SAG.1	90	110	131	13	33	12	13	21	14	98	91	54	80	234	69	85	36	128	19	189	72	97	54	138	15	7	33	101	84	21	5	80
MAST-1;ICM0014_SAG.1	2	31	114	183	481	28	3	12	40	36	46	7	5	1	43	417	138	41	0	13	14	4	4	68	79	76	18	2	2	15	16	11
Chlorarachnea;ICM0139_SAG.1	80	69	202	28	9	10	8	111	105	10	12	17	47	66	84	14	7	23	32	15	8	36	61	31	32	12	9	69	503	17	5	18
lca:Picozoa	51	39	13	18	62	31	7	88	48	226	62	47	50	46	15	59	54	43	7	18	28	60	20	32	31	20	22	11	21	54	40	56
Mamiellophyceae;ICM0088_SAG.1	79	79	146	33	17	21	15	17	48	49	15	54	40	60	92	44	22	25	17	20	34	28	29	36	41	12	33	57	46	33	23	42
lca:MALV-II	47	44	82	7	151	47	1	21	50	68	7	35	27	58	42	80	37	14	8	5	23	37	46	31	54	2	79	3	17	34	24	66
Cercozoa;ICM0058_SAG.1	35	4	19	7	4	3	135	205	40	49	33	9	0	6	2	6	12	55	7	27	47	33	13	31	5	3	83	43	31	201	18	26
lca:MAST-8	5	33	21	11	61	36	5	24	62	49	21	42	28	7	16	60	122	41	0	11	16	21	5	9	143	10	39	2	10	44	25	12
lca:MALV-I	6	17	15	63	401	26	3	4	0	6	3	10	22	9	1	128	29	6	3	9	7	13	3	6	42	6	26	2	2	8	7	7
Choanoflagellata;ICM0143_SAG.1	7	4	5	4	10	27	19	20	3	3	4	23	12	6	2	10	19	1	14	16	26	11	4	6	12	11	72	20	261	61	7	47
MALV-II;ICM0034_SAG.1	13	15	29	5	230	5	2	5	5	13	8	23	12	19	11	121	11	7	1	2	13	20	6	10	45	1	10	6	3	11	15	19
Cercozoa;ICM0135_SAG.1	8	2	3	0	6	11	77	70	33	69	19	9	6	3	2	3	42	8	1	17	13	2	2	6	0	2	1	92	28	4	1	8
lca:MAST-1	21	21	40	7	34	5	1	17	20	28	7	26	29	87	2	1	14	1	4	2	28	20	9	5	24	8	7	4	3	9	15	17
MALV-II;ICM0020_SAG.1	0	3	9	1	192	3	0	8	7	15	2	8	9	4	3	12	7	8	11	2	4	10	4	2	62	0	19	0	0	20	13	12
MALV-II;ICM0022_SAG.1	3	8	24	2	34	28	3	7	10	13	1	10	10	14	10	38	10	5	5	2	2	15	9	7	14	5	23	5	3	17	4	22
lca:Chlorarachnea	7	4	0	2	17	9	11	42	19	3	1	1	4	0	1	2	8	19	7	23	10	3	2	6	8	12	28	40	33	12	9	1
MAST-8;ICM0023_SAG.1	10	17	8	13	114	0	0	0	7	23	5	11	0	7	18	6	19	2	0	0	6	8	0	1	36	1	2	1	2	12	5	8
Basidiomycota;ICM0061_SAG.1	0	0	0	1	0	30	14	14	5	6	3	0	1	1	1	2	23	10	15	12	1	0	0	1	0	44	9	2	3	4	1	4
lca:Choanoflagellata	2	5	0	0	4	12	3	13	12	8	2	4	0	5	0	2	15	7	2	0	1	7	2	4	3	1	8	2	0	4	6	2
lca:Labyrinthulomycetes	1	2	3	0	6	5	1	2	2	1	0	5	0	8	1	3	0	3	0	5	2	2	1	7	0	3	11	8	1	3	3	3
lca:Chlorodendrophyceae	0	0	0	0	0	1	0	2	0	0	0	0	0	1	0	0	1	0	0	1	0	0	0	0	0	0	0	5	2	0	0	0
