P3_68_NODE_1_length_79544_cov_191.126321	79544	32.55
P3_68_NODE_2_length_51437_cov_16.457435	51437	68.64
P3_68_NODE_3_length_50981_cov_220.033409	50981	66.17
P3_68_NODE_4_length_43283_cov_41.588145	43283	64.31
P3_68_NODE_5_length_40416_cov_27.418377	40416	67.45
P3_68_NODE_6_length_40379_cov_90.070829	40379	64.76
P3_68_NODE_7_length_38824_cov_192.408921	38824	67.34
P3_68_NODE_8_length_37896_cov_7.244989	37896	71.05
P3_68_NODE_9_length_34840_cov_120.217757	34840	63.91
P3_68_NODE_10_length_31696_cov_138.652666	31696	65.49
P3_68_NODE_11_length_30711_cov_31.867676	30711	65.74
P3_68_NODE_12_length_30221_cov_13.585200	30221	71.17
P3_68_NODE_13_length_29782_cov_593.189108	29782	63.81
P3_68_NODE_14_length_28762_cov_3.461673	28762	70.96
P3_68_NODE_15_length_28627_cov_75.790842	28627	64.83
P3_68_NODE_16_length_28206_cov_25.605684	28206	65.81
P3_68_NODE_17_length_27359_cov_1727.765056	27359	61.01
P3_68_NODE_18_length_26436_cov_8.266905	26436	66.32
P3_68_NODE_19_length_25194_cov_32.813181	25194	69.45
P3_68_NODE_20_length_23483_cov_1.913855	23483	67.64
P3_68_NODE_21_length_22948_cov_17.439420	22948	65.62
P3_68_NODE_22_length_22550_cov_5.232306	22550	64.62
P3_68_NODE_23_length_22241_cov_9.099665	22241	68.58
P3_68_NODE_24_length_21719_cov_7.553214	21719	64.11
P3_68_NODE_25_length_21234_cov_125.555408	21234	66.19
P3_68_NODE_26_length_21184_cov_4.483022	21184	67.74
P3_68_NODE_27_length_20934_cov_3.154179	20934	73.30
P3_68_NODE_28_length_20702_cov_45.308287	20702	59.86
P3_68_NODE_29_length_20635_cov_8.076214	20635	71.94
P3_68_NODE_30_length_19964_cov_6.336795	19964	67.72
P3_68_NODE_31_length_19881_cov_8.765465	19881	65.43
P3_68_NODE_32_length_19748_cov_3.655726	19748	73.64
P3_68_NODE_33_length_19717_cov_11.112302	19717	68.71
P3_68_NODE_34_length_19437_cov_13.843242	19437	67.39
P3_68_NODE_35_length_19340_cov_4.918180	19340	69.98
P3_68_NODE_36_length_19059_cov_2.199662	19059	67.22
P3_68_NODE_37_length_19023_cov_4.400826	19023	69.37
P3_68_NODE_38_length_18890_cov_5.417311	18890	72.02
P3_68_NODE_39_length_18791_cov_6.427668	18791	65.81
P3_68_NODE_40_length_18598_cov_13.005035	18598	63.45
P3_68_NODE_41_length_18571_cov_1451.268759	18571	64.28
P3_68_NODE_42_length_18438_cov_7.263830	18438	72.05
P3_68_NODE_43_length_18385_cov_5.276755	18385	70.06
P3_68_NODE_44_length_18027_cov_3.117151	18027	68.74
P3_68_NODE_45_length_17919_cov_423.385623	17919	66.05
P3_68_NODE_46_length_17687_cov_2.705923	17687	70.52
P3_68_NODE_47_length_17608_cov_2.512385	17608	65.66
P3_68_NODE_48_length_17573_cov_4.258569	17573	67.37
P3_68_NODE_49_length_17398_cov_1674.849748	17398	62.97
P3_68_NODE_50_length_17373_cov_30.548765	17373	64.74
P3_68_NODE_51_length_17126_cov_4.509089	17126	67.73
P3_68_NODE_52_length_17081_cov_78.144568	17081	65.72
P3_68_NODE_53_length_16966_cov_7.812934	16966	67.61
P3_68_NODE_54_length_16869_cov_7.260602	16869	68.30
P3_68_NODE_55_length_16817_cov_4.641102	16817	63.42
P3_68_NODE_56_length_16682_cov_9.819148	16682	64.37
P3_68_NODE_57_length_16631_cov_3.731944	16631	67.42
P3_68_NODE_58_length_16558_cov_258.082953	16558	62.72
P3_68_NODE_59_length_16532_cov_4.764645	16532	68.30
P3_68_NODE_60_length_16490_cov_13.389904	16490	68.47
P3_68_NODE_61_length_16317_cov_38.246572	16317	66.88
P3_68_NODE_62_length_16274_cov_4.031833	16274	68.98
P3_68_NODE_63_length_16209_cov_23.426502	16209	64.16
P3_68_NODE_64_length_16064_cov_69.143377	16064	63.75
P3_68_NODE_65_length_16056_cov_1.738151	16056	67.06
P3_68_NODE_66_length_15842_cov_2.899586	15842	68.69
P3_68_NODE_67_length_15742_cov_7.784310	15742	64.48
P3_68_NODE_68_length_15679_cov_3.689815	15679	72.69
P3_68_NODE_69_length_15543_cov_4.955825	15543	64.72
P3_68_NODE_70_length_15467_cov_2.027184	15467	70.38
P3_68_NODE_71_length_15451_cov_920.832224	15451	38.91
P3_68_NODE_72_length_15382_cov_13.359882	15382	66.86
P3_68_NODE_73_length_15339_cov_3.893834	15339	66.50
P3_68_NODE_74_length_15303_cov_3.164997	15303	64.12
P3_68_NODE_75_length_15291_cov_2.795898	15291	69.59
P3_68_NODE_76_length_15151_cov_3.337194	15151	63.90
P3_68_NODE_77_length_15144_cov_1.861757	15144	70.22
P3_68_NODE_78_length_14954_cov_1.697983	14954	67.47
P3_68_NODE_79_length_14864_cov_12.114745	14864	62.74
P3_68_NODE_80_length_14826_cov_119.920471	14826	59.40
P3_68_NODE_81_length_14616_cov_7.092518	14616	66.68
P3_68_NODE_82_length_14499_cov_3.016769	14499	69.52
P3_68_NODE_83_length_14388_cov_3.131477	14388	71.08
P3_68_NODE_84_length_14381_cov_28.251228	14381	68.75
P3_68_NODE_85_length_14379_cov_5.591496	14379	70.74
P3_68_NODE_86_length_14195_cov_2.234291	14195	71.41
P3_68_NODE_87_length_14178_cov_2.887054	14178	70.45
P3_68_NODE_88_length_14008_cov_12.248181	14008	69.77
P3_68_NODE_89_length_13725_cov_3.113767	13725	67.65
P3_68_NODE_90_length_13562_cov_5.800149	13562	64.36
P3_68_NODE_91_length_13533_cov_2.724899	13533	69.09
P3_68_NODE_92_length_13323_cov_2.019627	13323	70.46
P3_68_NODE_93_length_13269_cov_13.365546	13269	69.75
P3_68_NODE_94_length_13246_cov_5.612547	13246	68.47
P3_68_NODE_95_length_13244_cov_21.522299	13244	69.37
P3_68_NODE_96_length_13061_cov_2.831143	13061	71.11
P3_68_NODE_97_length_13025_cov_3.088153	13025	65.44
P3_68_NODE_98_length_13007_cov_4.913276	13007	67.55
P3_68_NODE_99_length_12938_cov_58.684724	12938	62.32
P3_68_NODE_100_length_12921_cov_2.278021	12921	67.60
P3_68_NODE_101_length_12875_cov_1.858801	12875	73.60
P3_68_NODE_102_length_12790_cov_2.891811	12790	71.27
P3_68_NODE_103_length_12787_cov_5.319589	12787	64.87
P3_68_NODE_104_length_12660_cov_1.880635	12660	67.31
P3_68_NODE_105_length_12619_cov_1.969260	12619	70.43
P3_68_NODE_106_length_12579_cov_3.302361	12579	70.94
P3_68_NODE_107_length_12537_cov_2.260999	12537	61.70
P3_68_NODE_108_length_12529_cov_3.525641	12529	69.65
P3_68_NODE_109_length_12359_cov_50.532783	12359	59.91
P3_68_NODE_110_length_12357_cov_24.374652	12357	72.19
P3_68_NODE_111_length_12341_cov_2.581055	12341	67.40
P3_68_NODE_112_length_12196_cov_1.025188	12196	69.75
P3_68_NODE_113_length_12053_cov_1.581922	12053	68.37
P3_68_NODE_114_length_12044_cov_71.013342	12044	62.74
P3_68_NODE_115_length_11913_cov_10.210165	11913	66.41
P3_68_NODE_116_length_11879_cov_8.382063	11879	70.10
P3_68_NODE_117_length_11807_cov_2.075086	11807	70.36
P3_68_NODE_118_length_11704_cov_15.489332	11704	64.20
P3_68_NODE_119_length_11690_cov_1.840526	11690	72.14
P3_68_NODE_120_length_11658_cov_2.880669	11658	65.87
P3_68_NODE_121_length_11579_cov_1.606706	11579	71.09
P3_68_NODE_122_length_11552_cov_1.506521	11552	69.19
P3_68_NODE_123_length_11544_cov_152.248752	11544	59.75
P3_68_NODE_124_length_11335_cov_4.616256	11335	67.64
P3_68_NODE_125_length_11323_cov_2.713290	11323	63.81
P3_68_NODE_126_length_11112_cov_1.435503	11112	70.65
P3_68_NODE_127_length_11099_cov_2.304411	11099	73.37
P3_68_NODE_128_length_11034_cov_1.732649	11034	68.20
P3_68_NODE_129_length_11031_cov_3.625459	11031	68.80
P3_68_NODE_130_length_11025_cov_2.020004	11025	65.46
P3_68_NODE_131_length_10977_cov_3.472166	10977	67.89
P3_68_NODE_132_length_10902_cov_2.634153	10902	64.80
P3_68_NODE_133_length_10887_cov_184.231796	10887	64.31
P3_68_NODE_134_length_10771_cov_1.428410	10771	72.83
P3_68_NODE_135_length_10755_cov_3.757151	10755	63.64
P3_68_NODE_136_length_10695_cov_2.086014	10695	66.11
P3_68_NODE_137_length_10666_cov_2.116425	10666	69.22
P3_68_NODE_138_length_10589_cov_157.885682	10589	62.57
P3_68_NODE_139_length_10574_cov_1.403944	10574	66.75
P3_68_NODE_140_length_10544_cov_10.333589	10544	66.99
P3_68_NODE_141_length_10539_cov_1.277756	10539	66.04
P3_68_NODE_142_length_10536_cov_3.711884	10536	70.74
P3_68_NODE_143_length_10491_cov_2.241895	10491	71.00
P3_68_NODE_144_length_10464_cov_2.453033	10464	69.79
P3_68_NODE_145_length_10439_cov_4.610260	10439	65.71
P3_68_NODE_146_length_10413_cov_1.244021	10413	68.18
P3_68_NODE_147_length_10363_cov_5.878566	10363	70.19
P3_68_NODE_148_length_10357_cov_1.830596	10357	73.28
P3_68_NODE_149_length_10304_cov_3.416724	10304	69.71
P3_68_NODE_150_length_10229_cov_1.455256	10229	66.46
P3_68_NODE_151_length_10191_cov_5.882850	10191	63.79
P3_68_NODE_152_length_10099_cov_1.187926	10099	69.06
P3_68_NODE_153_length_10049_cov_10.803064	10049	64.79
P3_68_NODE_154_length_10022_cov_21.353815	10022	61.83
P3_68_NODE_155_length_9980_cov_3.657059	9980	67.43
P3_68_NODE_156_length_9948_cov_0.996334	9948	67.21
P3_68_NODE_157_length_9939_cov_47.761474	9939	65.44
P3_68_NODE_158_length_9928_cov_40.422712	9928	65.15
P3_68_NODE_159_length_9883_cov_3.649241	9883	65.55
P3_68_NODE_160_length_9870_cov_1.608129	9870	67.76
P3_68_NODE_161_length_9828_cov_1.769714	9828	70.78
P3_68_NODE_162_length_9757_cov_2.656698	9757	70.91
P3_68_NODE_163_length_9713_cov_3.804924	9713	71.13
P3_68_NODE_164_length_9639_cov_9.876472	9639	64.44
P3_68_NODE_165_length_9609_cov_6.456022	9609	65.85
P3_68_NODE_166_length_9603_cov_5.198396	9603	66.80
P3_68_NODE_167_length_9561_cov_4.094128	9561	64.53
P3_68_NODE_168_length_9541_cov_0.971319	9541	65.53
P3_68_NODE_169_length_9521_cov_7.383117	9521	68.68
P3_68_NODE_170_length_9518_cov_511.999468	9518	58.92
P3_68_NODE_171_length_9484_cov_1.986855	9484	69.54
P3_68_NODE_172_length_9460_cov_2.539805	9460	69.90
P3_68_NODE_173_length_9299_cov_5.385739	9299	69.76
P3_68_NODE_174_length_9298_cov_1427.818668	9298	65.35
P3_68_NODE_175_length_9219_cov_36.807743	9219	67.84
P3_68_NODE_176_length_9190_cov_3.357718	9190	73.37
P3_68_NODE_177_length_9104_cov_2.224128	9104	67.15
P3_68_NODE_178_length_9095_cov_2.223015	9095	70.58
P3_68_NODE_179_length_9081_cov_1.576390	9081	65.42
P3_68_NODE_180_length_9074_cov_326.069856	9074	64.92
P3_68_NODE_181_length_9055_cov_3.136201	9055	65.39
P3_68_NODE_182_length_8921_cov_8.448942	8921	72.44
P3_68_NODE_183_length_8888_cov_6.708595	8888	64.92
P3_68_NODE_184_length_8878_cov_5.735345	8878	64.47
P3_68_NODE_185_length_8866_cov_2.839570	8866	67.69
P3_68_NODE_186_length_8838_cov_1.849271	8838	67.50
P3_68_NODE_187_length_8797_cov_1.405190	8797	68.40
P3_68_NODE_188_length_8782_cov_1.984287	8782	60.86
P3_68_NODE_189_length_8781_cov_1.221516	8781	64.47
P3_68_NODE_190_length_8724_cov_1.565546	8724	70.56
P3_68_NODE_191_length_8634_cov_2.651464	8634	73.84
P3_68_NODE_192_length_8602_cov_2.951622	8602	65.47
P3_68_NODE_193_length_8597_cov_1.554191	8597	68.78
P3_68_NODE_194_length_8588_cov_3.225269	8588	70.87
P3_68_NODE_195_length_8572_cov_2.475311	8572	68.05
P3_68_NODE_196_length_8571_cov_2.139034	8571	65.91
P3_68_NODE_197_length_8516_cov_8.725951	8516	53.89
P3_68_NODE_198_length_8497_cov_2.453166	8497	66.19
P3_68_NODE_199_length_8480_cov_48.746602	8480	61.23
P3_68_NODE_200_length_8474_cov_1.355697	8474	64.18
P3_68_NODE_201_length_8470_cov_3.163131	8470	70.66
P3_68_NODE_202_length_8356_cov_23.589987	8356	65.90
P3_68_NODE_203_length_8347_cov_3.033090	8347	65.47
P3_68_NODE_204_length_8321_cov_1.445326	8321	68.14
P3_68_NODE_205_length_8301_cov_1.218131	8301	65.59
P3_68_NODE_206_length_8236_cov_33.282913	8236	70.12
P3_68_NODE_207_length_8159_cov_2.079681	8159	66.92
P3_68_NODE_208_length_8139_cov_5.673240	8139	63.69
P3_68_NODE_209_length_8120_cov_3.988490	8120	69.21
P3_68_NODE_210_length_8118_cov_2.032286	8118	34.91
P3_68_NODE_211_length_8101_cov_1.861174	8101	69.55
P3_68_NODE_212_length_8098_cov_1.939280	8098	68.42
P3_68_NODE_213_length_8034_cov_1.401290	8034	65.87
P3_68_NODE_214_length_8016_cov_6.341766	8016	64.00
P3_68_NODE_215_length_7934_cov_0.945690	7934	66.80
P3_68_NODE_216_length_7910_cov_2.528716	7910	70.13
P3_68_NODE_217_length_7892_cov_2.078042	7892	68.99
P3_68_NODE_218_length_7887_cov_1.036727	7887	71.47
P3_68_NODE_219_length_7836_cov_1.901803	7836	62.61
P3_68_NODE_220_length_7833_cov_1.392941	7833	66.44
P3_68_NODE_221_length_7828_cov_3.880201	7828	73.47
P3_68_NODE_222_length_7790_cov_47.946192	7790	69.67
P3_68_NODE_223_length_7765_cov_1.349437	7765	66.08
P3_68_NODE_224_length_7762_cov_33.921022	7762	69.90
P3_68_NODE_225_length_7753_cov_3.303960	7753	70.06
P3_68_NODE_226_length_7753_cov_0.859035	7753	69.59
P3_68_NODE_227_length_7740_cov_7.056614	7740	61.93
P3_68_NODE_228_length_7639_cov_1.051651	7639	69.98
P3_68_NODE_229_length_7635_cov_1.367741	7635	69.95
P3_68_NODE_230_length_7571_cov_4.273509	7571	64.93
P3_68_NODE_231_length_7567_cov_1.476613	7567	71.11
P3_68_NODE_232_length_7559_cov_1.736948	7559	72.71
P3_68_NODE_233_length_7451_cov_8.147051	7451	46.69
P3_68_NODE_234_length_7419_cov_2.770570	7419	67.70
P3_68_NODE_235_length_7395_cov_1.252752	7395	66.88
P3_68_NODE_236_length_7363_cov_4.552377	7363	63.97
P3_68_NODE_237_length_7342_cov_584.980873	7342	43.82
P3_68_NODE_238_length_7304_cov_1.610422	7304	65.07
P3_68_NODE_239_length_7298_cov_1.654581	7298	62.41
P3_68_NODE_240_length_7217_cov_1.827786	7217	66.26
P3_68_NODE_241_length_7214_cov_5.438267	7214	62.03
P3_68_NODE_242_length_7169_cov_2.223232	7169	70.37
P3_68_NODE_243_length_7134_cov_1.336663	7134	61.23
P3_68_NODE_244_length_7128_cov_1.451935	7128	71.52
P3_68_NODE_245_length_7111_cov_1.750430	7111	65.59
P3_68_NODE_246_length_7093_cov_1.490525	7093	74.02
P3_68_NODE_247_length_7053_cov_2.621860	7053	68.51
P3_68_NODE_248_length_7049_cov_289.072378	7049	50.21
P3_68_NODE_249_length_6956_cov_1.520867	6956	70.74
P3_68_NODE_250_length_6929_cov_1.457660	6929	68.12
P3_68_NODE_251_length_6903_cov_20.866430	6903	62.29
P3_68_NODE_252_length_6895_cov_4.151596	6895	70.94
P3_68_NODE_253_length_6892_cov_0.873466	6892	72.04
P3_68_NODE_254_length_6825_cov_3.966408	6825	69.20
P3_68_NODE_255_length_6813_cov_1.441220	6813	69.02
P3_68_NODE_256_length_6767_cov_2.248946	6767	66.91
P3_68_NODE_257_length_6741_cov_1.614757	6741	72.01
P3_68_NODE_258_length_6696_cov_1.905161	6696	75.46
P3_68_NODE_259_length_6685_cov_27.610540	6685	63.47
P3_68_NODE_260_length_6649_cov_4.524226	6649	66.43
P3_68_NODE_261_length_6632_cov_1.365565	6632	70.13
P3_68_NODE_262_length_6608_cov_2.347477	6608	70.84
P3_68_NODE_263_length_6585_cov_446.964076	6585	51.81
P3_68_NODE_264_length_6574_cov_28.798201	6574	67.61
P3_68_NODE_265_length_6560_cov_1.981346	6560	69.80
P3_68_NODE_266_length_6534_cov_9.525051	6534	62.35
P3_68_NODE_267_length_6521_cov_4.990674	6521	64.56
P3_68_NODE_268_length_6493_cov_1.710807	6493	64.75
P3_68_NODE_269_length_6476_cov_15.788471	6476	67.60
P3_68_NODE_270_length_6459_cov_2.953885	6459	62.83
P3_68_NODE_271_length_6457_cov_2.132543	6457	68.56
P3_68_NODE_272_length_6406_cov_2.840102	6406	69.83
P3_68_NODE_273_length_6401_cov_8.750460	6401	64.68
P3_68_NODE_274_length_6365_cov_60.994550	6365	59.83
P3_68_NODE_275_length_6319_cov_1.179264	6319	71.56
P3_68_NODE_276_length_6313_cov_2.897826	6313	67.24
P3_68_NODE_277_length_6232_cov_9.070598	6232	68.34
P3_68_NODE_278_length_6218_cov_0.958463	6218	65.81
P3_68_NODE_279_length_6214_cov_2.685888	6214	68.31
P3_68_NODE_280_length_6181_cov_2.219855	6181	63.82
P3_68_NODE_281_length_6164_cov_3.695544	6164	60.66
P3_68_NODE_282_length_6164_cov_1.027497	6164	68.58
P3_68_NODE_283_length_6145_cov_1.446826	6145	72.82
P3_68_NODE_284_length_6140_cov_1.232663	6140	64.66
P3_68_NODE_285_length_6128_cov_2.151141	6128	70.82
P3_68_NODE_286_length_6087_cov_2.902013	6087	67.06
P3_68_NODE_287_length_6082_cov_1.167422	6082	71.88
P3_68_NODE_288_length_6033_cov_1.770911	6033	68.31
P3_68_NODE_289_length_6030_cov_1.657123	6030	65.95
P3_68_NODE_290_length_6029_cov_9.124919	6029	73.96
P3_68_NODE_291_length_6015_cov_1.067595	6015	67.17
P3_68_NODE_292_length_5982_cov_1.580017	5982	72.79
P3_68_NODE_293_length_5972_cov_1.130539	5972	69.89
P3_68_NODE_294_length_5964_cov_3.720747	5964	74.75
P3_68_NODE_295_length_5929_cov_4.349707	5929	61.97
P3_68_NODE_296_length_5812_cov_5.193843	5812	62.30
P3_68_NODE_297_length_5811_cov_6.945989	5811	63.81
P3_68_NODE_298_length_5782_cov_2.379841	5782	70.94
P3_68_NODE_299_length_5761_cov_1.142882	5761	69.76
P3_68_NODE_300_length_5737_cov_1.113904	5737	69.58
P3_68_NODE_301_length_5697_cov_126.157630	5697	55.80
P3_68_NODE_302_length_5688_cov_30.655458	5688	60.57
P3_68_NODE_303_length_5616_cov_0.969211	5616	70.80
P3_68_NODE_304_length_5601_cov_1.588053	5601	69.42
P3_68_NODE_305_length_5570_cov_4.637177	5570	67.50
P3_68_NODE_306_length_5552_cov_1.178802	5552	67.80
P3_68_NODE_307_length_5534_cov_1.390235	5534	64.49
P3_68_NODE_308_length_5510_cov_1.653539	5510	62.03
P3_68_NODE_309_length_5505_cov_2.497397	5505	64.80
P3_68_NODE_310_length_5498_cov_1.617948	5498	69.57
P3_68_NODE_311_length_5492_cov_1.299907	5492	71.34
P3_68_NODE_312_length_5474_cov_1.288573	5474	68.98
P3_68_NODE_313_length_5473_cov_1.356341	5473	71.46
P3_68_NODE_314_length_5467_cov_1.293633	5467	63.22
P3_68_NODE_315_length_5456_cov_2.471610	5456	68.84
P3_68_NODE_316_length_5452_cov_1.648075	5452	63.39
P3_68_NODE_317_length_5444_cov_2.286628	5444	71.82
P3_68_NODE_318_length_5409_cov_6.695002	5409	64.87
P3_68_NODE_319_length_5404_cov_2.731666	5404	65.93
P3_68_NODE_320_length_5404_cov_1.513739	5404	65.17
P3_68_NODE_321_length_5341_cov_273.069495	5341	68.98
P3_68_NODE_322_length_5336_cov_1.730658	5336	66.85
P3_68_NODE_323_length_5318_cov_1.889424	5318	63.46
P3_68_NODE_324_length_5285_cov_1.387359	5285	63.31
P3_68_NODE_325_length_5279_cov_2.332686	5279	69.44
P3_68_NODE_326_length_5247_cov_3.007422	5247	69.37
P3_68_NODE_327_length_5241_cov_1.977708	5241	42.89
P3_68_NODE_328_length_5237_cov_1.541096	5237	69.52
P3_68_NODE_329_length_5235_cov_1.240799	5235	74.96
P3_68_NODE_330_length_5232_cov_187.545544	5232	59.14
P3_68_NODE_331_length_5194_cov_1866.664890	5194	61.36
P3_68_NODE_332_length_5188_cov_1.584272	5188	69.16
P3_68_NODE_333_length_5184_cov_1.152660	5184	69.35
P3_68_NODE_334_length_5181_cov_1.610210	5181	73.89
P3_68_NODE_335_length_5155_cov_2.041766	5155	62.33
P3_68_NODE_336_length_5142_cov_663.664407	5142	63.56
P3_68_NODE_337_length_5125_cov_3.780712	5125	64.90
P3_68_NODE_338_length_5115_cov_12.951885	5115	62.31
P3_68_NODE_339_length_5108_cov_3.851636	5108	72.28
P3_68_NODE_340_length_5098_cov_1.556628	5098	66.22
P3_68_NODE_341_length_5095_cov_1.214372	5095	69.93
P3_68_NODE_342_length_5088_cov_0.841564	5088	71.05
P3_68_NODE_343_length_5085_cov_1.113554	5085	67.79
P3_68_NODE_344_length_5075_cov_4.382579	5075	68.89
P3_68_NODE_345_length_5045_cov_2.928223	5045	68.70
P3_68_NODE_346_length_4989_cov_1.445496	4989	64.92
P3_68_NODE_347_length_4954_cov_1.717423	4954	63.81
P3_68_NODE_348_length_4943_cov_1.040282	4943	76.47
P3_68_NODE_349_length_4890_cov_1.365736	4890	77.65
P3_68_NODE_350_length_4859_cov_1451.873415	4859	43.12
P3_68_NODE_351_length_4845_cov_0.983044	4845	66.32
P3_68_NODE_352_length_4837_cov_0.970064	4837	66.22
P3_68_NODE_353_length_4809_cov_1.737933	4809	74.98
P3_68_NODE_354_length_4798_cov_3.364061	4798	72.88
P3_68_NODE_355_length_4772_cov_34.463564	4772	61.57
P3_68_NODE_356_length_4768_cov_4.381814	4768	70.66
P3_68_NODE_357_length_4747_cov_1.331169	4747	63.45
P3_68_NODE_358_length_4734_cov_1.296722	4734	65.86
P3_68_NODE_359_length_4730_cov_0.981534	4730	64.36
P3_68_NODE_360_length_4728_cov_0.896544	4728	70.90
P3_68_NODE_361_length_4715_cov_84.581299	4715	65.83
P3_68_NODE_362_length_4699_cov_1.063867	4699	67.40
P3_68_NODE_363_length_4647_cov_1.611283	4647	74.20
P3_68_NODE_364_length_4637_cov_2.741242	4637	72.74
P3_68_NODE_365_length_4628_cov_1.371473	4628	28.15
P3_68_NODE_366_length_4609_cov_7.010933	4609	64.03
P3_68_NODE_367_length_4596_cov_1.125979	4596	73.61
P3_68_NODE_368_length_4584_cov_2.738697	4584	68.35
P3_68_NODE_369_length_4573_cov_2.914755	4573	70.89
P3_68_NODE_370_length_4569_cov_1.472760	4569	65.03
P3_68_NODE_371_length_4567_cov_1.373649	4567	66.48
P3_68_NODE_372_length_4545_cov_4.599140	4545	61.63
P3_68_NODE_373_length_4545_cov_1.188547	4545	70.56
P3_68_NODE_374_length_4543_cov_23.824728	4543	62.84
P3_68_NODE_375_length_4539_cov_1.128060	4539	63.12
P3_68_NODE_376_length_4533_cov_3.222424	4533	61.77
P3_68_NODE_377_length_4517_cov_1.795216	4517	69.16
P3_68_NODE_378_length_4502_cov_1.274971	4502	71.83
P3_68_NODE_379_length_4485_cov_1.431620	4485	67.31
P3_68_NODE_380_length_4485_cov_1.289123	4485	61.83
P3_68_NODE_381_length_4466_cov_1.002305	4466	72.79
P3_68_NODE_382_length_4441_cov_1.157395	4441	72.93
P3_68_NODE_383_length_4440_cov_1.728263	4440	69.01
P3_68_NODE_384_length_4422_cov_17.518356	4422	74.20
P3_68_NODE_385_length_4421_cov_1.744527	4421	64.78
P3_68_NODE_386_length_4410_cov_0.723091	4410	64.97
P3_68_NODE_387_length_4409_cov_1.503270	4409	69.86
P3_68_NODE_388_length_4407_cov_1.074065	4407	63.74
P3_68_NODE_389_length_4402_cov_1.180819	4402	69.35
P3_68_NODE_390_length_4396_cov_2.054814	4396	67.11
P3_68_NODE_391_length_4395_cov_0.854733	4395	61.84
P3_68_NODE_392_length_4387_cov_17.997887	4387	61.82
P3_68_NODE_393_length_4374_cov_3.984931	4374	76.63
P3_68_NODE_394_length_4370_cov_3.028753	4370	64.37
P3_68_NODE_395_length_4365_cov_1.712600	4365	62.18
P3_68_NODE_396_length_4361_cov_0.885451	4361	72.60
P3_68_NODE_397_length_4344_cov_1.014940	4344	71.69
P3_68_NODE_398_length_4344_cov_0.689115	4344	72.95
P3_68_NODE_399_length_4343_cov_1.402277	4343	62.49
P3_68_NODE_400_length_4342_cov_0.932622	4342	67.41
P3_68_NODE_401_length_4335_cov_0.737405	4335	74.35
P3_68_NODE_402_length_4330_cov_0.943850	4330	74.34
P3_68_NODE_403_length_4304_cov_1.249461	4304	67.38
P3_68_NODE_404_length_4302_cov_0.879760	4302	66.23
P3_68_NODE_405_length_4286_cov_1.146910	4286	66.01
P3_68_NODE_406_length_4277_cov_1.135663	4277	70.98
P3_68_NODE_407_length_4275_cov_1.552314	4275	73.92
P3_68_NODE_408_length_4267_cov_1.485507	4267	72.25
P3_68_NODE_409_length_4258_cov_1.088356	4258	72.45
P3_68_NODE_410_length_4257_cov_1.654964	4257	63.85
P3_68_NODE_411_length_4254_cov_10.451495	4254	65.47
P3_68_NODE_412_length_4247_cov_200.367233	4247	41.13
P3_68_NODE_413_length_4225_cov_6.857003	4225	71.41
P3_68_NODE_414_length_4223_cov_2435.298096	4223	60.57
P3_68_NODE_415_length_4213_cov_3.702398	4213	75.10
P3_68_NODE_416_length_4206_cov_15.869144	4206	67.64
P3_68_NODE_417_length_4206_cov_1.906104	4206	73.13
P3_68_NODE_418_length_4201_cov_0.835542	4201	70.94
P3_68_NODE_419_length_4188_cov_5.915411	4188	60.20
P3_68_NODE_420_length_4171_cov_1.315282	4171	69.26
P3_68_NODE_421_length_4169_cov_1.550965	4169	70.81
P3_68_NODE_422_length_4164_cov_1.201387	4164	64.12
P3_68_NODE_423_length_4164_cov_1.118652	4164	67.39
P3_68_NODE_424_length_4156_cov_3.881112	4156	68.96
P3_68_NODE_425_length_4144_cov_0.700523	4144	72.73
P3_68_NODE_426_length_4140_cov_0.936706	4140	64.69
P3_68_NODE_427_length_4130_cov_2.167254	4130	69.10
P3_68_NODE_428_length_4119_cov_2.519289	4119	68.07
P3_68_NODE_429_length_4104_cov_0.593412	4104	75.32
P3_68_NODE_430_length_4090_cov_2.133737	4090	67.46
P3_68_NODE_431_length_4083_cov_5.264846	4083	70.24
P3_68_NODE_432_length_4083_cov_0.903185	4083	70.54
P3_68_NODE_433_length_4073_cov_0.990117	4073	58.19
P3_68_NODE_434_length_4073_cov_0.765839	4073	66.51
P3_68_NODE_435_length_4072_cov_1.190368	4072	72.45
P3_68_NODE_436_length_4044_cov_1.013786	4044	69.04
P3_68_NODE_437_length_4044_cov_0.697473	4044	72.90
P3_68_NODE_438_length_4025_cov_2.584402	4025	76.30
P3_68_NODE_439_length_3989_cov_1.885552	3989	76.61
P3_68_NODE_440_length_3986_cov_1.144338	3986	72.40
P3_68_NODE_441_length_3970_cov_2.240177	3970	68.31
P3_68_NODE_442_length_3967_cov_1.220052	3967	66.52
P3_68_NODE_443_length_3952_cov_15.177255	3952	66.75
P3_68_NODE_444_length_3930_cov_0.831449	3930	69.41
P3_68_NODE_445_length_3924_cov_1.673163	3924	69.42
P3_68_NODE_446_length_3919_cov_1.353903	3919	67.31
P3_68_NODE_447_length_3895_cov_1.023885	3895	74.38
P3_68_NODE_448_length_3892_cov_4.977358	3892	66.11
P3_68_NODE_449_length_3869_cov_1.244789	3869	65.65
P3_68_NODE_450_length_3850_cov_1.733280	3850	63.77
P3_68_NODE_451_length_3849_cov_1.325363	3849	71.78
P3_68_NODE_452_length_3839_cov_2.035022	3839	66.06
P3_68_NODE_453_length_3834_cov_2.595900	3834	73.84
P3_68_NODE_454_length_3830_cov_1.573589	3830	73.08
P3_68_NODE_455_length_3816_cov_0.621036	3816	66.14
P3_68_NODE_456_length_3811_cov_2.408837	3811	65.49
P3_68_NODE_457_length_3806_cov_12.348736	3806	61.72
P3_68_NODE_458_length_3798_cov_1.659766	3798	64.43
P3_68_NODE_459_length_3789_cov_1.911524	3789	62.79
P3_68_NODE_460_length_3789_cov_1.379847	3789	57.67
P3_68_NODE_461_length_3788_cov_0.995356	3788	70.25
P3_68_NODE_462_length_3786_cov_0.666302	3786	72.24
P3_68_NODE_463_length_3782_cov_1.374555	3782	68.91
P3_68_NODE_464_length_3778_cov_0.884141	3778	62.36
P3_68_NODE_465_length_3775_cov_0.765625	3775	66.09
P3_68_NODE_466_length_3768_cov_0.728371	3768	70.44
P3_68_NODE_467_length_3766_cov_3.400719	3766	61.74
P3_68_NODE_468_length_3765_cov_25.604728	3765	66.69
P3_68_NODE_469_length_3764_cov_1.515810	3764	73.80
P3_68_NODE_470_length_3744_cov_83.030135	3744	62.42
P3_68_NODE_471_length_3741_cov_0.942999	3741	64.10
P3_68_NODE_472_length_3733_cov_1.341653	3733	63.11
P3_68_NODE_473_length_3718_cov_1.051796	3718	69.34
P3_68_NODE_474_length_3707_cov_1.279888	3707	80.60
P3_68_NODE_475_length_3692_cov_1.355680	3692	72.24
P3_68_NODE_476_length_3681_cov_260.131303	3681	61.80
P3_68_NODE_477_length_3679_cov_1.833052	3679	77.30
P3_68_NODE_478_length_3664_cov_0.960984	3664	66.89
P3_68_NODE_479_length_3663_cov_1.121606	3663	73.57
P3_68_NODE_480_length_3659_cov_0.958381	3659	69.09
P3_68_NODE_481_length_3656_cov_0.890904	3656	70.21
P3_68_NODE_482_length_3640_cov_0.918588	3640	70.25
P3_68_NODE_483_length_3635_cov_1.222634	3635	73.34
P3_68_NODE_484_length_3627_cov_1.025429	3627	72.87
P3_68_NODE_485_length_3612_cov_0.997991	3612	72.18
P3_68_NODE_486_length_3608_cov_1.206263	3608	67.90
P3_68_NODE_487_length_3604_cov_0.918608	3604	62.76
P3_68_NODE_488_length_3592_cov_0.715152	3592	73.19
P3_68_NODE_489_length_3590_cov_1.074502	3590	70.89
P3_68_NODE_490_length_3589_cov_174.240581	3589	60.30
P3_68_NODE_491_length_3586_cov_0.932639	3586	63.72
P3_68_NODE_492_length_3583_cov_64.174394	3583	58.02
P3_68_NODE_493_length_3568_cov_1.023830	3568	66.79
P3_68_NODE_494_length_3547_cov_0.625439	3547	75.87
P3_68_NODE_495_length_3546_cov_3.402124	3546	72.87
P3_68_NODE_496_length_3523_cov_1.847762	3523	68.80
P3_68_NODE_497_length_3521_cov_54.317708	3521	74.41
P3_68_NODE_498_length_3519_cov_1.617925	3519	60.39
P3_68_NODE_499_length_3519_cov_0.883844	3519	67.92
P3_68_NODE_500_length_3518_cov_2.020053	3518	74.39
P3_68_NODE_501_length_3513_cov_2.183993	3513	67.75
P3_68_NODE_502_length_3491_cov_1.112366	3491	72.67
P3_68_NODE_503_length_3480_cov_4.392186	3480	72.27
P3_68_NODE_504_length_3471_cov_2.732351	3471	62.00
P3_68_NODE_505_length_3471_cov_0.595694	3471	72.46
P3_68_NODE_506_length_3464_cov_0.912496	3464	73.64
P3_68_NODE_507_length_3462_cov_0.781409	3462	69.96
P3_68_NODE_508_length_3452_cov_0.561504	3452	61.27
P3_68_NODE_509_length_3430_cov_0.872237	3430	60.50
P3_68_NODE_510_length_3424_cov_1.806491	3424	79.06
P3_68_NODE_511_length_3418_cov_1.540261	3418	73.26
P3_68_NODE_512_length_3416_cov_2.948009	3416	65.08
P3_68_NODE_513_length_3415_cov_0.901460	3415	70.04
P3_68_NODE_514_length_3400_cov_1.124962	3400	68.68
P3_68_NODE_515_length_3399_cov_0.678484	3399	65.25
P3_68_NODE_516_length_3362_cov_1.065842	3362	67.70
P3_68_NODE_517_length_3361_cov_2.253247	3361	66.35
P3_68_NODE_518_length_3358_cov_1.110802	3358	73.94
P3_68_NODE_519_length_3353_cov_1.319591	3353	73.04
P3_68_NODE_520_length_3349_cov_0.765363	3349	68.11
P3_68_NODE_521_length_3347_cov_1.538820	3347	63.22
P3_68_NODE_522_length_3342_cov_0.910109	3342	68.91
P3_68_NODE_523_length_3330_cov_279.413943	3330	40.48
P3_68_NODE_524_length_3320_cov_1.025368	3320	64.37
P3_68_NODE_525_length_3302_cov_1.145197	3302	69.11
P3_68_NODE_526_length_3292_cov_0.712480	3292	67.47
P3_68_NODE_527_length_3289_cov_1.921252	3289	70.96
P3_68_NODE_528_length_3274_cov_7.784239	3274	56.29
P3_68_NODE_529_length_3274_cov_0.500477	3274	69.09
P3_68_NODE_530_length_3264_cov_1.412177	3264	63.66
P3_68_NODE_531_length_3260_cov_1.170124	3260	79.69
P3_68_NODE_532_length_3257_cov_2.068690	3257	69.88
P3_68_NODE_533_length_3251_cov_0.814020	3251	64.93
P3_68_NODE_534_length_3246_cov_0.863097	3246	64.94
P3_68_NODE_535_length_3246_cov_0.742866	3246	65.71
P3_68_NODE_536_length_3243_cov_3.275995	3243	70.92
P3_68_NODE_537_length_3234_cov_1.389121	3234	73.56
P3_68_NODE_538_length_3216_cov_0.592748	3216	75.06
P3_68_NODE_539_length_3206_cov_1.023384	3206	69.00
P3_68_NODE_540_length_3206_cov_0.852225	3206	70.31
P3_68_NODE_541_length_3182_cov_1.971849	3182	67.35
P3_68_NODE_542_length_3181_cov_1.326457	3181	72.34
P3_68_NODE_543_length_3180_cov_0.731084	3180	72.01
P3_68_NODE_544_length_3160_cov_42.287174	3160	64.40
P3_68_NODE_545_length_3153_cov_0.810311	3153	68.41
P3_68_NODE_546_length_3151_cov_2.845238	3151	72.58
P3_68_NODE_547_length_3144_cov_92.515413	3144	65.62
P3_68_NODE_548_length_3143_cov_1.093501	3143	62.62
P3_68_NODE_549_length_3139_cov_1.189907	3139	71.01
P3_68_NODE_550_length_3118_cov_2.164159	3118	66.61
P3_68_NODE_551_length_3110_cov_1.482065	3110	61.96
P3_68_NODE_552_length_3108_cov_0.904730	3108	71.40
P3_68_NODE_553_length_3108_cov_0.799396	3108	64.09
P3_68_NODE_554_length_3107_cov_0.632886	3107	67.24
P3_68_NODE_555_length_3097_cov_0.683838	3097	69.58
P3_68_NODE_556_length_3080_cov_2.063664	3080	70.45
P3_68_NODE_557_length_3077_cov_1.703729	3077	69.22
P3_68_NODE_558_length_3055_cov_38.415301	3055	69.20
P3_68_NODE_559_length_3036_cov_1.068752	3036	67.19
P3_68_NODE_560_length_3021_cov_0.910504	3021	72.26
P3_68_NODE_561_length_3016_cov_1.750779	3016	62.77
P3_68_NODE_562_length_3011_cov_1.108530	3011	68.48
P3_68_NODE_563_length_3004_cov_0.762600	3004	73.37
P3_68_NODE_564_length_2999_cov_0.527855	2999	68.69
P3_68_NODE_565_length_2986_cov_1.681007	2986	74.38
P3_68_NODE_566_length_2985_cov_0.735479	2985	66.77
P3_68_NODE_567_length_2977_cov_3.095088	2977	69.40
P3_68_NODE_568_length_2969_cov_0.906052	2969	65.85
P3_68_NODE_569_length_2963_cov_11.937941	2963	63.21
P3_68_NODE_570_length_2947_cov_1.234752	2947	77.81
P3_68_NODE_571_length_2940_cov_0.840384	2940	66.33
P3_68_NODE_572_length_2925_cov_1.043603	2925	74.43
P3_68_NODE_573_length_2913_cov_1.007897	2913	70.13
P3_68_NODE_574_length_2909_cov_1.246945	2909	66.35
P3_68_NODE_575_length_2907_cov_0.667986	2907	65.08
P3_68_NODE_576_length_2905_cov_1.162347	2905	70.50
P3_68_NODE_577_length_2902_cov_0.893333	2902	69.92
P3_68_NODE_578_length_2899_cov_1.167388	2899	64.51
P3_68_NODE_579_length_2895_cov_0.964957	2895	58.20
P3_68_NODE_580_length_2884_cov_0.670657	2884	68.79
P3_68_NODE_581_length_2876_cov_530.566024	2876	39.53
P3_68_NODE_582_length_2871_cov_1.375000	2871	68.34
P3_68_NODE_583_length_2864_cov_38.974059	2864	60.54
P3_68_NODE_584_length_2858_cov_2.660198	2858	74.11
P3_68_NODE_585_length_2854_cov_1.334800	2854	66.01
P3_68_NODE_586_length_2850_cov_0.715755	2850	70.53
P3_68_NODE_587_length_2824_cov_1.206155	2824	69.83
P3_68_NODE_588_length_2820_cov_0.968437	2820	70.57
P3_68_NODE_589_length_2810_cov_1.042862	2810	76.76
P3_68_NODE_590_length_2804_cov_0.656705	2804	74.75
P3_68_NODE_591_length_2798_cov_0.892924	2798	70.09
P3_68_NODE_592_length_2794_cov_0.629171	2794	63.71
P3_68_NODE_593_length_2791_cov_0.805556	2791	67.43
P3_68_NODE_594_length_2768_cov_1.001136	2768	72.29
P3_68_NODE_595_length_2766_cov_0.478590	2766	65.84
P3_68_NODE_596_length_2757_cov_0.616730	2757	61.37
P3_68_NODE_597_length_2754_cov_6.140923	2754	66.92
P3_68_NODE_598_length_2748_cov_0.660435	2748	66.99
P3_68_NODE_599_length_2730_cov_1.433730	2730	74.14
P3_68_NODE_600_length_2723_cov_0.664484	2723	61.40
P3_68_NODE_601_length_2720_cov_0.858465	2720	63.35
P3_68_NODE_602_length_2715_cov_2.506955	2715	76.80
P3_68_NODE_603_length_2704_cov_0.820722	2704	71.89
P3_68_NODE_604_length_2703_cov_1.078804	2703	68.74
P3_68_NODE_605_length_2694_cov_1.370471	2694	65.00
P3_68_NODE_606_length_2687_cov_1.417578	2687	59.58
P3_68_NODE_607_length_2686_cov_0.798750	2686	69.69
P3_68_NODE_608_length_2669_cov_1.079465	2669	72.20
P3_68_NODE_609_length_2667_cov_0.968898	2667	71.77
P3_68_NODE_610_length_2665_cov_1.125690	2665	66.42
P3_68_NODE_611_length_2663_cov_1.313880	2663	67.14
P3_68_NODE_612_length_2656_cov_0.453934	2656	73.57
P3_68_NODE_613_length_2654_cov_0.753067	2654	71.59
P3_68_NODE_614_length_2648_cov_1.148750	2648	78.13
P3_68_NODE_615_length_2644_cov_10.479971	2644	60.10
P3_68_NODE_616_length_2628_cov_1.068772	2628	63.93
P3_68_NODE_617_length_2616_cov_19.624347	2616	63.49
P3_68_NODE_618_length_2615_cov_1.498392	2615	68.22
P3_68_NODE_619_length_2615_cov_1.178859	2615	73.54
P3_68_NODE_620_length_2613_cov_0.873693	2613	68.16
P3_68_NODE_621_length_2610_cov_0.996778	2610	71.57
P3_68_NODE_622_length_2605_cov_0.728410	2605	74.74
P3_68_NODE_623_length_2604_cov_1.422689	2604	65.63
P3_68_NODE_624_length_2595_cov_1.725689	2595	63.20
P3_68_NODE_625_length_2594_cov_2.366842	2594	71.70
P3_68_NODE_626_length_2578_cov_3.448796	2578	75.37
P3_68_NODE_627_length_2574_cov_0.676338	2574	66.74
P3_68_NODE_628_length_2567_cov_60.591393	2567	63.19
P3_68_NODE_629_length_2564_cov_0.675831	2564	62.01
P3_68_NODE_630_length_2563_cov_1.019294	2563	77.57
P3_68_NODE_631_length_2552_cov_0.670928	2552	60.31
P3_68_NODE_632_length_2551_cov_0.847772	2551	68.56
P3_68_NODE_633_length_2547_cov_0.992562	2547	67.92
P3_68_NODE_634_length_2547_cov_0.734298	2547	67.06
P3_68_NODE_635_length_2545_cov_0.611249	2545	71.59
P3_68_NODE_636_length_2545_cov_0.583954	2545	64.44
P3_68_NODE_637_length_2541_cov_1.714582	2541	73.51
P3_68_NODE_638_length_2540_cov_1.137174	2540	72.20
P3_68_NODE_639_length_2538_cov_0.612194	2538	66.63
P3_68_NODE_640_length_2537_cov_1.946473	2537	66.42
P3_68_NODE_641_length_2533_cov_0.741064	2533	65.93
P3_68_NODE_642_length_2532_cov_1.066944	2532	65.40
P3_68_NODE_643_length_2517_cov_0.576151	2517	65.16
P3_68_NODE_644_length_2516_cov_2.650481	2516	73.01
P3_68_NODE_645_length_2516_cov_0.946840	2516	66.57
P3_68_NODE_646_length_2510_cov_0.899706	2510	78.76
P3_68_NODE_647_length_2509_cov_0.636440	2509	69.87
P3_68_NODE_648_length_2497_cov_1.581013	2497	72.61
P3_68_NODE_649_length_2497_cov_0.988186	2497	65.52
P3_68_NODE_650_length_2495_cov_0.684966	2495	66.05
P3_68_NODE_651_length_2494_cov_1.156738	2494	70.01
P3_68_NODE_652_length_2493_cov_1.657650	2493	72.20
P3_68_NODE_653_length_2488_cov_1.648454	2488	61.01
P3_68_NODE_654_length_2486_cov_0.675286	2486	70.23
P3_68_NODE_655_length_2475_cov_0.828365	2475	62.99
P3_68_NODE_656_length_2470_cov_0.754161	2470	70.45
P3_68_NODE_657_length_2465_cov_1.012404	2465	68.60
P3_68_NODE_658_length_2459_cov_0.713122	2459	71.78
P3_68_NODE_659_length_2456_cov_0.940318	2456	62.21
P3_68_NODE_660_length_2456_cov_0.790039	2456	57.49
P3_68_NODE_661_length_2455_cov_0.689433	2455	65.82
P3_68_NODE_662_length_2452_cov_0.451183	2452	74.14
P3_68_NODE_663_length_2451_cov_2.010757	2451	71.48
P3_68_NODE_664_length_2444_cov_0.971083	2444	65.34
P3_68_NODE_665_length_2440_cov_0.792477	2440	74.59
P3_68_NODE_666_length_2433_cov_0.745013	2433	69.87
P3_68_NODE_667_length_2431_cov_1.358941	2431	70.26
P3_68_NODE_668_length_2427_cov_0.849130	2427	68.15
P3_68_NODE_669_length_2426_cov_2.366681	2426	71.02
P3_68_NODE_670_length_2422_cov_0.737255	2422	58.30
P3_68_NODE_671_length_2421_cov_0.628160	2421	78.60
P3_68_NODE_672_length_2419_cov_1.178447	2419	59.16
P3_68_NODE_673_length_2416_cov_0.840979	2416	75.83
P3_68_NODE_674_length_2413_cov_1.125547	2413	66.64
P3_68_NODE_675_length_2411_cov_0.754816	2411	66.86
P3_68_NODE_676_length_2410_cov_0.910644	2410	73.49
P3_68_NODE_677_length_2409_cov_1.210780	2409	66.17
P3_68_NODE_678_length_2405_cov_0.759877	2405	70.40
P3_68_NODE_679_length_2394_cov_0.588884	2394	66.00
P3_68_NODE_680_length_2389_cov_0.912909	2389	72.04
P3_68_NODE_681_length_2388_cov_3.339673	2388	75.88
P3_68_NODE_682_length_2376_cov_0.773677	2376	69.61
P3_68_NODE_683_length_2375_cov_4.283363	2375	63.49
P3_68_NODE_684_length_2364_cov_0.848011	2364	70.39
P3_68_NODE_685_length_2338_cov_0.889190	2338	76.52
P3_68_NODE_686_length_2332_cov_0.986395	2332	69.43
P3_68_NODE_687_length_2329_cov_0.880563	2329	68.66
P3_68_NODE_688_length_2325_cov_1.209736	2325	75.74
P3_68_NODE_689_length_2324_cov_7.188439	2324	62.82
P3_68_NODE_690_length_2320_cov_0.583675	2320	72.28
P3_68_NODE_691_length_2317_cov_0.752511	2317	68.23
P3_68_NODE_692_length_2312_cov_0.846224	2312	67.00
P3_68_NODE_693_length_2312_cov_0.715332	2312	69.68
P3_68_NODE_694_length_2310_cov_3.143839	2310	64.03
P3_68_NODE_695_length_2308_cov_1.683173	2308	59.27
P3_68_NODE_696_length_2308_cov_1.078863	2308	64.38
P3_68_NODE_697_length_2305_cov_17.789474	2305	61.04
P3_68_NODE_698_length_2304_cov_76.016077	2304	42.01
P3_68_NODE_699_length_2299_cov_1.047882	2299	75.86
P3_68_NODE_700_length_2296_cov_0.810512	2296	64.16
P3_68_NODE_701_length_2291_cov_2.470425	2291	73.51
P3_68_NODE_702_length_2287_cov_1.613426	2287	69.74
P3_68_NODE_703_length_2287_cov_0.661111	2287	71.93
P3_68_NODE_704_length_2287_cov_0.612963	2287	71.93
P3_68_NODE_705_length_2279_cov_1.076208	2279	64.41
P3_68_NODE_706_length_2274_cov_0.574290	2274	68.65
P3_68_NODE_707_length_2261_cov_1.188379	2261	72.09
P3_68_NODE_708_length_2252_cov_0.542118	2252	74.25
P3_68_NODE_709_length_2249_cov_0.721489	2249	65.41
P3_68_NODE_710_length_2245_cov_1.651558	2245	79.33
P3_68_NODE_711_length_2241_cov_0.685904	2241	64.39
P3_68_NODE_712_length_2238_cov_2.194221	2238	66.80
P3_68_NODE_713_length_2231_cov_2.664449	2231	74.23
P3_68_NODE_714_length_2229_cov_0.548525	2229	69.00
P3_68_NODE_715_length_2228_cov_1.292718	2228	71.18
P3_68_NODE_716_length_2223_cov_1.392653	2223	74.94
P3_68_NODE_717_length_2217_cov_0.788038	2217	65.18
P3_68_NODE_718_length_2217_cov_0.569378	2217	64.28
P3_68_NODE_719_length_2206_cov_0.969697	2206	76.02
P3_68_NODE_720_length_2203_cov_0.945087	2203	74.58
P3_68_NODE_721_length_2200_cov_0.812832	2200	71.27
P3_68_NODE_722_length_2199_cov_1.601351	2199	77.67
P3_68_NODE_723_length_2198_cov_3.000483	2198	64.10
P3_68_NODE_724_length_2195_cov_9.432817	2195	70.98
P3_68_NODE_725_length_2193_cov_0.519845	2193	69.72
P3_68_NODE_726_length_2192_cov_1.578692	2192	66.70
P3_68_NODE_727_length_2192_cov_0.972881	2192	64.83
P3_68_NODE_728_length_2190_cov_0.930199	2190	72.01
P3_68_NODE_729_length_2181_cov_0.743914	2181	65.20
P3_68_NODE_730_length_2172_cov_1.206846	2172	74.36
P3_68_NODE_731_length_2163_cov_0.863949	2163	67.64
P3_68_NODE_732_length_2162_cov_0.767076	2162	68.73
P3_68_NODE_733_length_2159_cov_1.137795	2159	62.76
P3_68_NODE_734_length_2158_cov_1.182176	2158	57.46
P3_68_NODE_735_length_2158_cov_1.165928	2158	72.15
P3_68_NODE_736_length_2156_cov_0.569246	2156	64.24
P3_68_NODE_737_length_2155_cov_43.276512	2155	70.53
P3_68_NODE_738_length_2155_cov_0.945759	2155	63.43
P3_68_NODE_739_length_2150_cov_23.355907	2150	65.26
P3_68_NODE_740_length_2142_cov_1.145409	2142	66.01
P3_68_NODE_741_length_2138_cov_3.054305	2138	65.67
P3_68_NODE_742_length_2137_cov_2.838806	2137	72.25
P3_68_NODE_743_length_2137_cov_0.863184	2137	74.40
P3_68_NODE_744_length_2132_cov_0.904738	2132	66.60
P3_68_NODE_745_length_2129_cov_1.051948	2129	64.11
P3_68_NODE_746_length_2124_cov_0.685028	2124	62.19
P3_68_NODE_747_length_2123_cov_1.039579	2123	70.61
P3_68_NODE_748_length_2120_cov_1.400401	2120	68.44
P3_68_NODE_749_length_2118_cov_3.988950	2118	68.60
P3_68_NODE_750_length_2115_cov_0.763581	2115	71.11
P3_68_NODE_751_length_2109_cov_1.050454	2109	69.04
P3_68_NODE_752_length_2108_cov_1.402827	2108	67.93
P3_68_NODE_753_length_2104_cov_0.822458	2104	76.24
P3_68_NODE_754_length_2103_cov_2.738866	2103	69.47
P3_68_NODE_755_length_2101_cov_0.599291	2101	72.01
P3_68_NODE_756_length_2097_cov_1.427411	2097	60.94
P3_68_NODE_757_length_2092_cov_0.645293	2092	66.30
P3_68_NODE_758_length_2088_cov_0.781234	2088	74.71
P3_68_NODE_759_length_2086_cov_5.738642	2086	65.29
P3_68_NODE_760_length_2086_cov_2.642164	2086	66.92
P3_68_NODE_761_length_2084_cov_0.972918	2084	68.86
P3_68_NODE_762_length_2081_cov_0.807062	2081	67.32
P3_68_NODE_763_length_2075_cov_1.695072	2075	73.40
P3_68_NODE_764_length_2072_cov_0.595373	2072	70.95
P3_68_NODE_765_length_2069_cov_0.767250	2069	68.49
P3_68_NODE_766_length_2065_cov_1.208462	2065	73.85
P3_68_NODE_767_length_2063_cov_0.705062	2063	58.70
P3_68_NODE_768_length_2061_cov_1.015512	2061	76.42
P3_68_NODE_769_length_2060_cov_13.836763	2060	59.32
P3_68_NODE_770_length_2058_cov_0.551528	2058	71.53
P3_68_NODE_771_length_2047_cov_16.953646	2047	58.96
P3_68_NODE_772_length_2038_cov_1.619048	2038	77.82
P3_68_NODE_773_length_2036_cov_7.669460	2036	68.86
P3_68_NODE_774_length_2030_cov_0.653179	2030	74.93
P3_68_NODE_775_length_2028_cov_0.472383	2028	79.04
P3_68_NODE_776_length_2027_cov_1.984211	2027	59.79
P3_68_NODE_777_length_2022_cov_0.947230	2022	68.10
P3_68_NODE_778_length_2020_cov_1.330692	2020	58.47
P3_68_NODE_779_length_2018_cov_31.806527	2018	62.19
P3_68_NODE_780_length_2018_cov_1.134849	2018	65.26
P3_68_NODE_781_length_2016_cov_1.518264	2016	69.49
P3_68_NODE_782_length_2016_cov_1.027528	2016	69.35
P3_68_NODE_783_length_2015_cov_0.902013	2015	65.91
P3_68_NODE_784_length_2013_cov_0.513256	2013	67.21
P3_68_NODE_785_length_2010_cov_1.989379	2010	74.33
P3_68_NODE_786_length_2005_cov_0.714058	2005	64.84
P3_68_NODE_787_length_2004_cov_1.249867	2004	71.11
P3_68_NODE_788_length_2004_cov_0.823655	2004	77.84
P3_68_NODE_789_length_2004_cov_0.500799	2004	72.75
P3_68_NODE_790_length_2001_cov_1.053895	2001	69.62
P3_68_NODE_791_length_1996_cov_1.745853	1996	70.79
P3_68_NODE_792_length_1994_cov_0.616497	1994	70.66
P3_68_NODE_793_length_1994_cov_0.568291	1994	67.65
P3_68_NODE_794_length_1990_cov_0.966184	1990	68.99
P3_68_NODE_795_length_1989_cov_4.931794	1989	63.60
P3_68_NODE_796_length_1987_cov_2.718817	1987	63.66
P3_68_NODE_797_length_1985_cov_0.713671	1985	71.94
P3_68_NODE_798_length_1982_cov_2.673854	1982	72.20
P3_68_NODE_799_length_1970_cov_1.346175	1970	76.24
P3_68_NODE_800_length_1970_cov_1.024959	1970	78.07
P3_68_NODE_801_length_1969_cov_1.047231	1969	59.47
P3_68_NODE_802_length_1965_cov_0.503808	1965	72.72
P3_68_NODE_803_length_1961_cov_2.408397	1961	62.57
P3_68_NODE_804_length_1955_cov_1.939825	1955	69.72
P3_68_NODE_805_length_1954_cov_0.594964	1954	72.62
P3_68_NODE_806_length_1953_cov_7.477404	1953	66.82
P3_68_NODE_807_length_1949_cov_0.830955	1949	72.14
P3_68_NODE_808_length_1945_cov_0.936744	1945	72.13
P3_68_NODE_809_length_1938_cov_1.184428	1938	76.06
P3_68_NODE_810_length_1932_cov_0.797784	1932	66.77
P3_68_NODE_811_length_1932_cov_0.720776	1932	72.88
P3_68_NODE_812_length_1927_cov_0.793333	1927	76.23
P3_68_NODE_813_length_1925_cov_0.772525	1925	62.34
P3_68_NODE_814_length_1917_cov_0.879888	1917	71.15
P3_68_NODE_815_length_1916_cov_0.673561	1916	72.65
P3_68_NODE_816_length_1916_cov_0.464505	1916	64.14
P3_68_NODE_817_length_1910_cov_10.859787	1910	57.07
P3_68_NODE_818_length_1908_cov_1.131948	1908	74.84
P3_68_NODE_819_length_1903_cov_0.551802	1903	73.83
P3_68_NODE_820_length_1900_cov_0.782290	1900	62.11
P3_68_NODE_821_length_1897_cov_20.724802	1897	59.83
P3_68_NODE_822_length_1895_cov_0.803167	1895	66.97
P3_68_NODE_823_length_1894_cov_3.891341	1894	80.20
P3_68_NODE_824_length_1893_cov_0.335221	1893	67.56
P3_68_NODE_825_length_1892_cov_0.665156	1892	71.25
P3_68_NODE_826_length_1889_cov_1.019864	1889	81.26
P3_68_NODE_827_length_1887_cov_0.956818	1887	61.42
P3_68_NODE_828_length_1886_cov_1107.434338	1886	44.54
P3_68_NODE_829_length_1886_cov_0.943150	1886	71.90
P3_68_NODE_830_length_1883_cov_0.477221	1883	67.76
P3_68_NODE_831_length_1880_cov_108.211067	1880	63.40
P3_68_NODE_832_length_1879_cov_0.799658	1879	74.88
P3_68_NODE_833_length_1879_cov_0.709475	1879	77.28
P3_68_NODE_834_length_1870_cov_0.565691	1870	81.39
P3_68_NODE_835_length_1868_cov_0.504308	1868	69.27
P3_68_NODE_836_length_1867_cov_0.953448	1867	67.81
P3_68_NODE_837_length_1864_cov_0.563040	1864	70.98
P3_68_NODE_838_length_1863_cov_0.831797	1863	67.10
P3_68_NODE_839_length_1861_cov_0.584775	1861	76.25
P3_68_NODE_840_length_1860_cov_1.292556	1860	64.89
P3_68_NODE_841_length_1860_cov_0.866705	1860	65.16
P3_68_NODE_842_length_1859_cov_1.174942	1859	77.84
P3_68_NODE_843_length_1853_cov_0.932213	1853	71.83
P3_68_NODE_844_length_1853_cov_0.685979	1853	71.56
P3_68_NODE_845_length_1850_cov_1.174695	1850	62.43
P3_68_NODE_846_length_1848_cov_0.852992	1848	65.26
P3_68_NODE_847_length_1845_cov_9.676978	1845	57.83
P3_68_NODE_848_length_1842_cov_0.959184	1842	58.96
P3_68_NODE_849_length_1841_cov_0.635939	1841	69.15
P3_68_NODE_850_length_1839_cov_1.679907	1839	74.01
P3_68_NODE_851_length_1839_cov_0.567757	1839	63.30
P3_68_NODE_852_length_1835_cov_0.974824	1835	70.19
P3_68_NODE_853_length_1833_cov_0.522860	1833	71.25
P3_68_NODE_854_length_1829_cov_0.992362	1829	71.84
P3_68_NODE_855_length_1825_cov_0.882803	1825	70.41
P3_68_NODE_856_length_1825_cov_0.398115	1825	63.18
P3_68_NODE_857_length_1824_cov_42.506407	1824	56.58
P3_68_NODE_858_length_1821_cov_0.717237	1821	70.73
P3_68_NODE_859_length_1819_cov_1.015957	1819	71.58
P3_68_NODE_860_length_1816_cov_1.252812	1816	69.16
P3_68_NODE_861_length_1812_cov_0.827893	1812	67.22
P3_68_NODE_862_length_1812_cov_0.575074	1812	69.76
P3_68_NODE_863_length_1809_cov_3.152794	1809	67.16
P3_68_NODE_864_length_1807_cov_0.708929	1807	64.47
P3_68_NODE_865_length_1807_cov_0.663690	1807	62.48
P3_68_NODE_866_length_1806_cov_0.874926	1806	71.26
P3_68_NODE_867_length_1806_cov_0.795712	1806	69.49
P3_68_NODE_868_length_1806_cov_0.789160	1806	67.72
P3_68_NODE_869_length_1803_cov_0.709427	1803	67.44
P3_68_NODE_870_length_1801_cov_0.823775	1801	65.85
P3_68_NODE_871_length_1798_cov_0.981448	1798	62.18
P3_68_NODE_872_length_1798_cov_0.719928	1798	77.75
P3_68_NODE_873_length_1795_cov_0.981415	1795	72.92
P3_68_NODE_874_length_1780_cov_0.761645	1780	71.29
P3_68_NODE_875_length_1778_cov_0.541490	1778	75.25
P3_68_NODE_876_length_1778_cov_0.373713	1778	67.38
P3_68_NODE_877_length_1769_cov_1.218027	1769	73.94
P3_68_NODE_878_length_1768_cov_0.714199	1768	61.99
P3_68_NODE_879_length_1768_cov_0.605728	1768	64.42
P3_68_NODE_880_length_1766_cov_1.178157	1766	68.69
P3_68_NODE_881_length_1766_cov_0.842587	1766	59.57
P3_68_NODE_882_length_1766_cov_0.766931	1766	62.63
P3_68_NODE_883_length_1766_cov_0.618670	1766	67.67
P3_68_NODE_884_length_1765_cov_0.570818	1765	70.20
P3_68_NODE_885_length_1762_cov_0.461162	1762	66.12
P3_68_NODE_886_length_1760_cov_1.376607	1760	63.58
P3_68_NODE_887_length_1760_cov_0.475199	1760	74.49
P3_68_NODE_888_length_1758_cov_0.506438	1758	71.79
P3_68_NODE_889_length_1757_cov_0.529448	1757	69.95
P3_68_NODE_890_length_1756_cov_0.618785	1756	71.53
P3_68_NODE_891_length_1755_cov_0.901720	1755	67.12
P3_68_NODE_892_length_1752_cov_0.832615	1752	62.44
P3_68_NODE_893_length_1750_cov_0.641405	1750	69.09
P3_68_NODE_894_length_1748_cov_0.695867	1748	82.04
P3_68_NODE_895_length_1747_cov_0.712963	1747	71.89
P3_68_NODE_896_length_1747_cov_0.596296	1747	72.47
P3_68_NODE_897_length_1745_cov_0.621755	1745	72.55
P3_68_NODE_898_length_1741_cov_0.669765	1741	67.03
P3_68_NODE_899_length_1738_cov_0.762259	1738	71.69
P3_68_NODE_900_length_1737_cov_0.826087	1737	69.78
P3_68_NODE_901_length_1733_cov_1.232877	1733	67.46
P3_68_NODE_902_length_1731_cov_0.837905	1731	67.88
P3_68_NODE_903_length_1728_cov_0.896939	1728	61.69
P3_68_NODE_904_length_1727_cov_0.642500	1727	73.02
P3_68_NODE_905_length_1726_cov_0.868668	1726	67.09
P3_68_NODE_906_length_1725_cov_0.759700	1725	63.30
P3_68_NODE_907_length_1724_cov_1.343143	1724	73.38
P3_68_NODE_908_length_1723_cov_0.723058	1723	66.57
P3_68_NODE_909_length_1722_cov_223.375879	1722	60.69
P3_68_NODE_910_length_1721_cov_1.183814	1721	74.55
P3_68_NODE_911_length_1718_cov_4.335501	1718	63.62
P3_68_NODE_912_length_1718_cov_1.064739	1718	65.42
P3_68_NODE_913_length_1716_cov_0.949654	1716	62.47
P3_68_NODE_914_length_1716_cov_0.663310	1716	52.33
P3_68_NODE_915_length_1710_cov_0.891977	1710	63.22
P3_68_NODE_916_length_1709_cov_0.852718	1709	68.58
P3_68_NODE_917_length_1708_cov_0.760911	1708	70.78
P3_68_NODE_918_length_1708_cov_0.467426	1708	73.01
P3_68_NODE_919_length_1699_cov_1.113232	1699	57.33
P3_68_NODE_920_length_1697_cov_0.519745	1697	73.72
P3_68_NODE_921_length_1695_cov_0.424745	1695	77.70
P3_68_NODE_922_length_1691_cov_1.115090	1691	65.35
P3_68_NODE_923_length_1691_cov_0.838235	1691	70.55
P3_68_NODE_924_length_1687_cov_0.808333	1687	69.71
P3_68_NODE_925_length_1685_cov_0.861361	1685	64.93
P3_68_NODE_926_length_1677_cov_0.854194	1677	66.73
P3_68_NODE_927_length_1676_cov_0.450613	1676	71.90
P3_68_NODE_928_length_1675_cov_0.786822	1675	67.76
P3_68_NODE_929_length_1674_cov_0.830640	1674	65.53
P3_68_NODE_930_length_1671_cov_0.573834	1671	76.54
P3_68_NODE_931_length_1668_cov_0.730045	1668	67.33
P3_68_NODE_932_length_1666_cov_1.145549	1666	75.21
P3_68_NODE_933_length_1664_cov_4.080677	1664	65.38
P3_68_NODE_934_length_1664_cov_0.608328	1664	69.77
P3_68_NODE_935_length_1663_cov_0.613281	1663	73.78
P3_68_NODE_936_length_1661_cov_0.898957	1661	65.62
P3_68_NODE_937_length_1658_cov_138.005042	1658	63.93
P3_68_NODE_938_length_1657_cov_1.758824	1657	63.07
P3_68_NODE_939_length_1657_cov_1.685621	1657	75.44
P3_68_NODE_940_length_1657_cov_0.686275	1657	73.02
P3_68_NODE_941_length_1656_cov_0.389797	1656	75.24
P3_68_NODE_942_length_1653_cov_2.292267	1653	72.78
P3_68_NODE_943_length_1653_cov_0.634993	1653	77.50
P3_68_NODE_944_length_1650_cov_1.594879	1650	74.85
P3_68_NODE_945_length_1650_cov_0.749836	1650	70.85
P3_68_NODE_946_length_1650_cov_0.667104	1650	68.24
P3_68_NODE_947_length_1649_cov_0.684625	1649	62.34
P3_68_NODE_948_length_1648_cov_6.602254	1648	64.20
P3_68_NODE_949_length_1648_cov_0.539776	1648	61.47
P3_68_NODE_950_length_1647_cov_0.594079	1647	75.05
P3_68_NODE_951_length_1644_cov_8.108108	1644	68.61
P3_68_NODE_952_length_1644_cov_0.857614	1644	62.10
P3_68_NODE_953_length_1643_cov_0.400396	1643	70.36
P3_68_NODE_954_length_1633_cov_1.861886	1633	76.79
P3_68_NODE_955_length_1633_cov_0.515272	1633	61.97
P3_68_NODE_956_length_1632_cov_0.544186	1632	72.79
P3_68_NODE_957_length_1630_cov_0.714571	1630	75.09
P3_68_NODE_958_length_1630_cov_0.709914	1630	76.26
P3_68_NODE_959_length_1629_cov_1.059920	1629	74.40
P3_68_NODE_960_length_1627_cov_1.192000	1627	71.36
P3_68_NODE_961_length_1627_cov_0.564667	1627	69.88
P3_68_NODE_962_length_1626_cov_0.551034	1626	70.17
P3_68_NODE_963_length_1625_cov_0.879172	1625	62.71
P3_68_NODE_964_length_1624_cov_1.070808	1624	62.62
P3_68_NODE_965_length_1624_cov_0.714095	1624	64.96
P3_68_NODE_966_length_1621_cov_0.738286	1621	60.83
P3_68_NODE_967_length_1620_cov_0.985934	1620	69.69
P3_68_NODE_968_length_1619_cov_0.674933	1619	66.03
P3_68_NODE_969_length_1614_cov_0.667787	1614	72.18
P3_68_NODE_970_length_1613_cov_1.892328	1613	66.65
P3_68_NODE_971_length_1612_cov_1.098990	1612	69.91
P3_68_NODE_972_length_1610_cov_0.662846	1610	69.32
P3_68_NODE_973_length_1608_cov_1.096556	1608	64.55
P3_68_NODE_974_length_1605_cov_0.422869	1605	69.97
P3_68_NODE_975_length_1604_cov_0.990521	1604	67.08
P3_68_NODE_976_length_1601_cov_0.905699	1601	67.52
P3_68_NODE_977_length_1600_cov_0.746096	1600	68.81
P3_68_NODE_978_length_1600_cov_0.685675	1600	74.50
P3_68_NODE_979_length_1599_cov_1.319293	1599	67.79
P3_68_NODE_980_length_1598_cov_0.923861	1598	74.03
P3_68_NODE_981_length_1597_cov_0.711565	1597	70.32
P3_68_NODE_982_length_1592_cov_6.787086	1592	64.13
P3_68_NODE_983_length_1591_cov_0.669399	1591	71.21
P3_68_NODE_984_length_1590_cov_0.586466	1590	68.18
P3_68_NODE_985_length_1586_cov_0.687457	1586	67.72
P3_68_NODE_986_length_1584_cov_0.649966	1584	65.72
P3_68_NODE_987_length_1583_cov_0.909341	1583	68.92
P3_68_NODE_988_length_1581_cov_0.473865	1581	74.00
P3_68_NODE_989_length_1580_cov_15.164616	1580	60.51
P3_68_NODE_990_length_1580_cov_0.799725	1580	65.57
P3_68_NODE_991_length_1578_cov_0.636802	1578	72.75
P3_68_NODE_992_length_1576_cov_1.111801	1576	68.59
P3_68_NODE_993_length_1573_cov_0.573306	1573	74.76
P3_68_NODE_994_length_1569_cov_0.675451	1569	63.48
P3_68_NODE_995_length_1567_cov_1624.633333	1567	59.86
P3_68_NODE_996_length_1562_cov_1.268293	1562	70.74
P3_68_NODE_997_length_1562_cov_0.648780	1562	57.94
P3_68_NODE_998_length_1558_cov_0.672956	1558	64.70
P3_68_NODE_999_length_1557_cov_0.465734	1557	70.39
P3_68_NODE_1000_length_1556_cov_0.596921	1556	69.34
P3_68_NODE_1001_length_1553_cov_1.657784	1553	66.65
P3_68_NODE_1002_length_1550_cov_0.763176	1550	59.23
P3_68_NODE_1003_length_1545_cov_1.749647	1545	68.41
P3_68_NODE_1004_length_1543_cov_0.541667	1543	70.38
P3_68_NODE_1005_length_1543_cov_0.432203	1543	76.47
P3_68_NODE_1006_length_1542_cov_0.946290	1542	79.25
P3_68_NODE_1007_length_1538_cov_1.389794	1538	62.94
P3_68_NODE_1008_length_1538_cov_0.459249	1538	75.03
P3_68_NODE_1009_length_1537_cov_0.570922	1537	60.51
P3_68_NODE_1010_length_1536_cov_9.816597	1536	64.13
P3_68_NODE_1011_length_1536_cov_0.740241	1536	67.71
P3_68_NODE_1012_length_1535_cov_1.074574	1535	73.68
P3_68_NODE_1013_length_1535_cov_0.705966	1535	61.63
P3_68_NODE_1014_length_1532_cov_1.659075	1532	74.02
P3_68_NODE_1015_length_1530_cov_4.071989	1530	65.16
P3_68_NODE_1016_length_1529_cov_0.709700	1529	68.67
P3_68_NODE_1017_length_1528_cov_11.790937	1528	65.51
P3_68_NODE_1018_length_1527_cov_13.671705	1527	62.15
P3_68_NODE_1019_length_1526_cov_1.029307	1526	64.29
P3_68_NODE_1020_length_1525_cov_2.512160	1525	67.93
P3_68_NODE_1021_length_1525_cov_1.168097	1525	78.56
P3_68_NODE_1022_length_1519_cov_0.688218	1519	72.81
P3_68_NODE_1023_length_1517_cov_0.712230	1517	65.66
P3_68_NODE_1024_length_1516_cov_0.561555	1516	70.98
P3_68_NODE_1025_length_1513_cov_0.808081	1513	66.82
P3_68_NODE_1026_length_1507_cov_4.294370	1507	58.66
P3_68_NODE_1027_length_1506_cov_0.771574	1506	65.27
P3_68_NODE_1028_length_1506_cov_0.615664	1506	68.79
P3_68_NODE_1029_length_1504_cov_0.783588	1504	70.28
P3_68_NODE_1030_length_1502_cov_0.634909	1502	73.30
P3_68_NODE_1031_length_1502_cov_0.266909	1502	72.10
P3_68_NODE_1032_length_1501_cov_0.941048	1501	83.68
P3_68_NODE_1033_length_1499_cov_1.233236	1499	68.65
P3_68_NODE_1034_length_1497_cov_0.659854	1497	76.49
P3_68_NODE_1035_length_1496_cov_1.024836	1496	64.64
P3_68_NODE_1036_length_1493_cov_0.745974	1493	74.21
P3_68_NODE_1037_length_1493_cov_0.372621	1493	80.58
P3_68_NODE_1038_length_1492_cov_11.013589	1492	62.33
P3_68_NODE_1039_length_1492_cov_1.145788	1492	71.45
P3_68_NODE_1040_length_1492_cov_0.646886	1492	65.15
P3_68_NODE_1041_length_1491_cov_0.928886	1491	69.75
P3_68_NODE_1042_length_1490_cov_0.817315	1490	73.15
P3_68_NODE_1043_length_1487_cov_0.329412	1487	73.10
P3_68_NODE_1044_length_1482_cov_0.566052	1482	67.27
P3_68_NODE_1045_length_1480_cov_0.939394	1480	77.16
P3_68_NODE_1046_length_1480_cov_0.728751	1480	69.59
P3_68_NODE_1047_length_1477_cov_0.697778	1477	69.67
P3_68_NODE_1048_length_1476_cov_0.670867	1476	67.14
P3_68_NODE_1049_length_1474_cov_0.656273	1474	67.98
P3_68_NODE_1050_length_1474_cov_0.526355	1474	71.98
P3_68_NODE_1051_length_1472_cov_0.524907	1472	61.14
P3_68_NODE_1052_length_1471_cov_0.223214	1471	74.10
P3_68_NODE_1053_length_1470_cov_323.875652	1470	39.39
P3_68_NODE_1054_length_1470_cov_1.103500	1470	78.44
P3_68_NODE_1055_length_1470_cov_0.484736	1470	72.86
P3_68_NODE_1056_length_1468_cov_699.826249	1468	45.37
P3_68_NODE_1057_length_1468_cov_0.610738	1468	65.80
P3_68_NODE_1058_length_1466_cov_0.834205	1466	64.12
P3_68_NODE_1059_length_1464_cov_2.670905	1464	58.67
P3_68_NODE_1060_length_1463_cov_0.593563	1463	73.48
P3_68_NODE_1061_length_1461_cov_36.982368	1461	68.17
P3_68_NODE_1062_length_1457_cov_0.606015	1457	77.76
P3_68_NODE_1063_length_1456_cov_436.832205	1456	42.79
P3_68_NODE_1064_length_1451_cov_1.495468	1451	71.05
P3_68_NODE_1065_length_1448_cov_0.763058	1448	68.92
P3_68_NODE_1066_length_1448_cov_0.441332	1448	72.10
P3_68_NODE_1067_length_1443_cov_0.759119	1443	75.19
P3_68_NODE_1068_length_1443_cov_0.696809	1443	65.90
P3_68_NODE_1069_length_1440_cov_0.511043	1440	73.47
P3_68_NODE_1070_length_1439_cov_1.025915	1439	67.27
P3_68_NODE_1071_length_1438_cov_2.574441	1438	65.51
P3_68_NODE_1072_length_1436_cov_5.497326	1436	79.67
P3_68_NODE_1073_length_1435_cov_0.322630	1435	70.59
P3_68_NODE_1074_length_1434_cov_0.442234	1434	63.18
P3_68_NODE_1075_length_1427_cov_6.288932	1427	52.35
P3_68_NODE_1076_length_1421_cov_0.397991	1421	71.78
P3_68_NODE_1077_length_1420_cov_0.648105	1420	61.20
P3_68_NODE_1078_length_1418_cov_0.825716	1418	67.49
P3_68_NODE_1079_length_1417_cov_0.830233	1417	67.75
P3_68_NODE_1080_length_1416_cov_0.610551	1416	69.49
P3_68_NODE_1081_length_1415_cov_0.656832	1415	63.46
P3_68_NODE_1082_length_1415_cov_0.641304	1415	69.12
P3_68_NODE_1083_length_1415_cov_0.503106	1415	77.74
P3_68_NODE_1084_length_1411_cov_0.597352	1411	74.42
P3_68_NODE_1085_length_1408_cov_0.809524	1408	60.94
P3_68_NODE_1086_length_1407_cov_0.475781	1407	65.96
P3_68_NODE_1087_length_1405_cov_0.830203	1405	71.17
P3_68_NODE_1088_length_1405_cov_0.817684	1405	69.47
P3_68_NODE_1089_length_1404_cov_0.732968	1404	58.55
P3_68_NODE_1090_length_1403_cov_325.442790	1403	66.64
P3_68_NODE_1091_length_1403_cov_0.977273	1403	67.07
P3_68_NODE_1092_length_1403_cov_0.424765	1403	68.71
P3_68_NODE_1093_length_1400_cov_0.553024	1400	70.43
P3_68_NODE_1094_length_1399_cov_0.651730	1399	75.41
P3_68_NODE_1095_length_1399_cov_0.538522	1399	72.84
P3_68_NODE_1096_length_1399_cov_0.505503	1399	67.98
P3_68_NODE_1097_length_1397_cov_0.440945	1397	68.15
P3_68_NODE_1098_length_1391_cov_0.850475	1391	69.16
P3_68_NODE_1099_length_1390_cov_0.878068	1390	64.68
P3_68_NODE_1100_length_1390_cov_0.649248	1390	71.94
P3_68_NODE_1101_length_1385_cov_0.585851	1385	76.53
P3_68_NODE_1102_length_1384_cov_0.575179	1384	64.81
P3_68_NODE_1103_length_1382_cov_0.769721	1382	69.39
P3_68_NODE_1104_length_1379_cov_0.402556	1379	66.21
P3_68_NODE_1105_length_1376_cov_0.935148	1376	73.04
P3_68_NODE_1106_length_1376_cov_0.495596	1376	53.27
P3_68_NODE_1107_length_1375_cov_0.508814	1375	76.22
P3_68_NODE_1108_length_1374_cov_0.768244	1374	75.04
P3_68_NODE_1109_length_1371_cov_0.526527	1371	73.74
P3_68_NODE_1110_length_1369_cov_1.066023	1369	78.60
P3_68_NODE_1111_length_1369_cov_0.603865	1369	68.52
P3_68_NODE_1112_length_1369_cov_0.409823	1369	76.70
P3_68_NODE_1113_length_1366_cov_0.560936	1366	70.20
P3_68_NODE_1114_length_1364_cov_0.789006	1364	79.84
P3_68_NODE_1115_length_1364_cov_0.610348	1364	73.39
P3_68_NODE_1116_length_1361_cov_0.901135	1361	74.21
P3_68_NODE_1117_length_1356_cov_0.615948	1356	67.40
P3_68_NODE_1118_length_1355_cov_0.538274	1355	78.08
P3_68_NODE_1119_length_1355_cov_0.460098	1355	64.94
P3_68_NODE_1120_length_1353_cov_12.378467	1353	55.51
P3_68_NODE_1121_length_1352_cov_1.598367	1352	77.74
P3_68_NODE_1122_length_1350_cov_0.453802	1350	74.89
P3_68_NODE_1123_length_1350_cov_0.402289	1350	64.00
P3_68_NODE_1124_length_1348_cov_0.870598	1348	79.67
P3_68_NODE_1125_length_1347_cov_0.491803	1347	71.12
P3_68_NODE_1126_length_1344_cov_0.666393	1344	60.79
P3_68_NODE_1127_length_1343_cov_0.520559	1343	71.26
P3_68_NODE_1128_length_1340_cov_0.413850	1340	73.21
P3_68_NODE_1129_length_1338_cov_0.753097	1338	76.91
P3_68_NODE_1130_length_1337_cov_0.986777	1337	76.59
P3_68_NODE_1131_length_1337_cov_0.752893	1337	65.82
P3_68_NODE_1132_length_1336_cov_0.498759	1336	76.20
P3_68_NODE_1133_length_1335_cov_0.719371	1335	72.13
P3_68_NODE_1134_length_1331_cov_0.558140	1331	68.75
P3_68_NODE_1135_length_1330_cov_0.413965	1330	76.39
P3_68_NODE_1136_length_1328_cov_0.863447	1328	72.74
P3_68_NODE_1137_length_1328_cov_0.467111	1328	74.40
P3_68_NODE_1138_length_1326_cov_20.697178	1326	61.92
P3_68_NODE_1139_length_1325_cov_0.517529	1325	81.74
P3_68_NODE_1140_length_1324_cov_2.065998	1324	75.76
P3_68_NODE_1141_length_1322_cov_0.892050	1322	67.85
P3_68_NODE_1142_length_1322_cov_0.856904	1322	71.33
P3_68_NODE_1143_length_1321_cov_1.013400	1321	76.15
P3_68_NODE_1144_length_1319_cov_0.861577	1319	71.49
P3_68_NODE_1145_length_1319_cov_0.634228	1319	66.03
P3_68_NODE_1146_length_1319_cov_0.595638	1319	70.20
P3_68_NODE_1147_length_1317_cov_0.500000	1317	64.84
P3_68_NODE_1148_length_1317_cov_0.445378	1317	69.32
P3_68_NODE_1149_length_1315_cov_0.826599	1315	83.95
P3_68_NODE_1150_length_1315_cov_0.702020	1315	66.08
P3_68_NODE_1151_length_1315_cov_0.420034	1315	67.91
P3_68_NODE_1152_length_1313_cov_0.693929	1313	69.84
P3_68_NODE_1153_length_1312_cov_0.428692	1312	66.39
P3_68_NODE_1154_length_1311_cov_0.755068	1311	72.69
P3_68_NODE_1155_length_1311_cov_0.559122	1311	77.19
P3_68_NODE_1156_length_1311_cov_0.542230	1311	65.22
P3_68_NODE_1157_length_1308_cov_0.585097	1308	62.00
P3_68_NODE_1158_length_1307_cov_0.833051	1307	79.42
P3_68_NODE_1159_length_1306_cov_0.393554	1306	76.19
P3_68_NODE_1160_length_1304_cov_0.225998	1304	72.47
P3_68_NODE_1161_length_1303_cov_0.883503	1303	71.83
P3_68_NODE_1162_length_1301_cov_0.431005	1301	64.03
P3_68_NODE_1163_length_1300_cov_1.137255	1300	67.85
P3_68_NODE_1164_length_1300_cov_0.539642	1300	71.00
P3_68_NODE_1165_length_1300_cov_0.492754	1300	64.54
P3_68_NODE_1166_length_1297_cov_0.585470	1297	57.29
P3_68_NODE_1167_length_1295_cov_1.613014	1295	58.15
P3_68_NODE_1168_length_1292_cov_0.511588	1292	65.63
P3_68_NODE_1169_length_1292_cov_0.387124	1292	64.47
P3_68_NODE_1170_length_1291_cov_0.282646	1291	73.82
P3_68_NODE_1171_length_1290_cov_0.529665	1290	74.19
P3_68_NODE_1172_length_1290_cov_0.366294	1290	67.75
P3_68_NODE_1173_length_1289_cov_0.799484	1289	72.61
P3_68_NODE_1174_length_1289_cov_0.617900	1289	72.07
P3_68_NODE_1175_length_1287_cov_0.888793	1287	67.21
P3_68_NODE_1176_length_1287_cov_0.611207	1287	57.73
P3_68_NODE_1177_length_1287_cov_0.425000	1287	72.26
P3_68_NODE_1178_length_1286_cov_0.941329	1286	71.38
P3_68_NODE_1179_length_1286_cov_0.805867	1286	72.63
P3_68_NODE_1180_length_1285_cov_0.714162	1285	69.57
P3_68_NODE_1181_length_1284_cov_0.830596	1284	62.54
P3_68_NODE_1182_length_1282_cov_0.968831	1282	73.95
P3_68_NODE_1183_length_1282_cov_0.844156	1282	58.66
P3_68_NODE_1184_length_1280_cov_4.085999	1280	61.17
P3_68_NODE_1185_length_1280_cov_1.746748	1280	60.94
P3_68_NODE_1186_length_1280_cov_0.625325	1280	68.20
P3_68_NODE_1187_length_1279_cov_0.584201	1279	72.48
P3_68_NODE_1188_length_1276_cov_0.918190	1276	67.63
P3_68_NODE_1189_length_1276_cov_0.888599	1276	77.59
P3_68_NODE_1190_length_1274_cov_1.340017	1274	69.15
P3_68_NODE_1191_length_1273_cov_0.658813	1273	75.65
P3_68_NODE_1192_length_1272_cov_0.499563	1272	73.51
P3_68_NODE_1193_length_1272_cov_0.387773	1272	63.60
P3_68_NODE_1194_length_1271_cov_1.078671	1271	76.87
P3_68_NODE_1195_length_1270_cov_0.427822	1270	75.35
P3_68_NODE_1196_length_1269_cov_0.558669	1269	71.79
P3_68_NODE_1197_length_1269_cov_0.508757	1269	74.70
P3_68_NODE_1198_length_1268_cov_0.556529	1268	65.93
P3_68_NODE_1199_length_1267_cov_0.990351	1267	58.25
P3_68_NODE_1200_length_1265_cov_0.705624	1265	75.89
P3_68_NODE_1201_length_1265_cov_0.670475	1265	74.86
P3_68_NODE_1202_length_1264_cov_0.806508	1264	60.92
P3_68_NODE_1203_length_1261_cov_0.618166	1261	74.46
P3_68_NODE_1204_length_1258_cov_0.350133	1258	70.27
P3_68_NODE_1205_length_1256_cov_1.122232	1256	66.96
P3_68_NODE_1206_length_1255_cov_1.479610	1255	78.25
P3_68_NODE_1207_length_1255_cov_0.884752	1255	69.88
P3_68_NODE_1208_length_1254_cov_0.652174	1254	68.10
P3_68_NODE_1209_length_1252_cov_1.065778	1252	74.84
P3_68_NODE_1210_length_1252_cov_0.838222	1252	68.85
P3_68_NODE_1211_length_1252_cov_0.694222	1252	74.68
P3_68_NODE_1212_length_1251_cov_0.917260	1251	70.10
P3_68_NODE_1213_length_1251_cov_0.837189	1251	70.10
P3_68_NODE_1214_length_1250_cov_0.691897	1250	67.92
P3_68_NODE_1215_length_1250_cov_0.385574	1250	70.00
P3_68_NODE_1216_length_1249_cov_0.459893	1249	66.05
P3_68_NODE_1217_length_1247_cov_0.604464	1247	65.68
P3_68_NODE_1218_length_1245_cov_0.516100	1245	72.53
P3_68_NODE_1219_length_1244_cov_0.441361	1244	75.00
P3_68_NODE_1220_length_1242_cov_0.648430	1242	74.07
P3_68_NODE_1221_length_1242_cov_0.616143	1242	69.89
P3_68_NODE_1222_length_1242_cov_0.552466	1242	62.64
P3_68_NODE_1223_length_1239_cov_0.997302	1239	67.72
P3_68_NODE_1224_length_1239_cov_0.671763	1239	71.59
P3_68_NODE_1225_length_1238_cov_0.714671	1238	64.78
P3_68_NODE_1226_length_1238_cov_0.599460	1238	73.59
P3_68_NODE_1227_length_1236_cov_0.633904	1236	76.46
P3_68_NODE_1228_length_1234_cov_0.324300	1234	72.12
P3_68_NODE_1229_length_1233_cov_0.592224	1233	69.51
P3_68_NODE_1230_length_1232_cov_0.699548	1232	83.85
P3_68_NODE_1231_length_1230_cov_0.614687	1230	73.90
P3_68_NODE_1232_length_1230_cov_0.506800	1230	68.54
P3_68_NODE_1233_length_1229_cov_0.627949	1229	68.76
P3_68_NODE_1234_length_1229_cov_0.569873	1229	62.82
P3_68_NODE_1235_length_1229_cov_0.294011	1229	64.28
P3_68_NODE_1236_length_1227_cov_0.688182	1227	72.37
P3_68_NODE_1237_length_1225_cov_0.845173	1225	72.33
P3_68_NODE_1238_length_1225_cov_0.741348	1225	61.47
P3_68_NODE_1239_length_1225_cov_0.451730	1225	64.90
P3_68_NODE_1240_length_1224_cov_0.923428	1224	74.18
P3_68_NODE_1241_length_1224_cov_0.589790	1224	68.14
P3_68_NODE_1242_length_1223_cov_0.826642	1223	71.87
P3_68_NODE_1243_length_1221_cov_0.833638	1221	84.19
P3_68_NODE_1244_length_1220_cov_0.857274	1220	72.05
P3_68_NODE_1245_length_1219_cov_0.948718	1219	71.70
P3_68_NODE_1246_length_1219_cov_0.558608	1219	56.93
P3_68_NODE_1247_length_1216_cov_0.522498	1216	69.74
P3_68_NODE_1248_length_1215_cov_0.805147	1215	67.08
P3_68_NODE_1249_length_1215_cov_0.625919	1215	61.89
P3_68_NODE_1250_length_1215_cov_0.363051	1215	65.02
P3_68_NODE_1251_length_1213_cov_0.529466	1213	64.39
P3_68_NODE_1252_length_1213_cov_0.510129	1213	71.64
P3_68_NODE_1253_length_1213_cov_0.434622	1213	79.47
P3_68_NODE_1254_length_1212_cov_2.460829	1212	74.42
P3_68_NODE_1255_length_1212_cov_0.985253	1212	70.63
P3_68_NODE_1256_length_1211_cov_1.389299	1211	67.22
P3_68_NODE_1257_length_1211_cov_0.690037	1211	67.38
P3_68_NODE_1258_length_1211_cov_0.573801	1211	73.08
P3_68_NODE_1259_length_1210_cov_1.118190	1210	65.87
P3_68_NODE_1260_length_1210_cov_0.517082	1210	65.04
P3_68_NODE_1261_length_1209_cov_2882.024954	1209	63.77
P3_68_NODE_1262_length_1208_cov_1.104533	1208	71.36
P3_68_NODE_1263_length_1208_cov_0.575393	1208	75.66
P3_68_NODE_1264_length_1207_cov_0.595370	1207	76.47
P3_68_NODE_1265_length_1206_cov_0.566265	1206	64.18
P3_68_NODE_1266_length_1206_cov_0.555144	1206	69.90
P3_68_NODE_1267_length_1203_cov_0.846654	1203	73.07
P3_68_NODE_1268_length_1203_cov_0.812268	1203	67.75
P3_68_NODE_1269_length_1202_cov_0.466977	1202	73.71
P3_68_NODE_1270_length_1200_cov_1.013048	1200	68.67
P3_68_NODE_1271_length_1200_cov_0.720410	1200	71.00
P3_68_NODE_1272_length_1199_cov_1.083955	1199	77.81
P3_68_NODE_1273_length_1199_cov_0.823694	1199	65.47
P3_68_NODE_1274_length_1199_cov_0.683769	1199	70.98
P3_68_NODE_1275_length_1198_cov_1.963585	1198	65.94
P3_68_NODE_1276_length_1193_cov_0.948405	1193	69.74
P3_68_NODE_1277_length_1193_cov_0.682927	1193	76.19
P3_68_NODE_1278_length_1193_cov_0.650094	1193	79.30
P3_68_NODE_1279_length_1193_cov_0.592871	1193	79.13
P3_68_NODE_1280_length_1193_cov_0.447467	1193	79.13
P3_68_NODE_1281_length_1192_cov_0.656338	1192	61.07
P3_68_NODE_1282_length_1190_cov_0.698024	1190	72.02
P3_68_NODE_1283_length_1189_cov_0.486817	1189	75.53
P3_68_NODE_1284_length_1186_cov_0.288952	1186	77.99
P3_68_NODE_1285_length_1185_cov_0.585066	1185	61.77
P3_68_NODE_1286_length_1184_cov_0.767266	1184	79.31
P3_68_NODE_1287_length_1184_cov_0.504257	1184	69.68
P3_68_NODE_1288_length_1183_cov_0.495265	1183	71.26
P3_68_NODE_1289_length_1182_cov_1.233175	1182	67.01
P3_68_NODE_1290_length_1181_cov_0.631879	1181	60.12
P3_68_NODE_1291_length_1181_cov_0.581594	1181	68.33
P3_68_NODE_1292_length_1181_cov_0.561670	1181	67.99
P3_68_NODE_1293_length_1181_cov_0.553131	1181	66.98
P3_68_NODE_1294_length_1179_cov_0.594106	1179	72.18
P3_68_NODE_1295_length_1179_cov_0.332700	1179	71.25
P3_68_NODE_1296_length_1178_cov_0.758325	1178	64.94
P3_68_NODE_1297_length_1178_cov_0.622265	1178	66.38
P3_68_NODE_1298_length_1178_cov_0.558516	1178	65.45
P3_68_NODE_1299_length_1178_cov_0.506185	1178	70.12
P3_68_NODE_1300_length_1176_cov_1.024786	1176	76.02
P3_68_NODE_1301_length_1176_cov_0.525262	1176	60.29
P3_68_NODE_1302_length_1174_cov_0.597899	1174	68.57
P3_68_NODE_1303_length_1174_cov_0.377268	1174	79.73
P3_68_NODE_1304_length_1173_cov_0.764818	1173	59.34
P3_68_NODE_1305_length_1173_cov_0.553537	1173	69.48
P3_68_NODE_1306_length_1173_cov_0.423518	1173	65.47
P3_68_NODE_1307_length_1172_cov_0.673684	1172	67.92
P3_68_NODE_1308_length_1170_cov_0.733461	1170	74.44
P3_68_NODE_1309_length_1169_cov_283.598848	1169	63.39
P3_68_NODE_1310_length_1169_cov_0.673704	1169	62.96
P3_68_NODE_1311_length_1168_cov_1.724304	1168	63.27
P3_68_NODE_1312_length_1168_cov_0.630163	1168	69.52
P3_68_NODE_1313_length_1168_cov_0.508165	1168	75.68
P3_68_NODE_1314_length_1168_cov_0.499520	1168	72.95
P3_68_NODE_1315_length_1168_cov_0.455331	1168	71.66
P3_68_NODE_1316_length_1167_cov_0.929808	1167	64.61
P3_68_NODE_1317_length_1167_cov_0.879808	1167	70.09
P3_68_NODE_1318_length_1167_cov_0.583654	1167	62.04
P3_68_NODE_1319_length_1166_cov_1.016362	1166	75.99
P3_68_NODE_1320_length_1166_cov_0.785371	1166	69.04
P3_68_NODE_1321_length_1166_cov_0.708373	1166	66.30
P3_68_NODE_1322_length_1164_cov_11.405887	1164	62.29
P3_68_NODE_1323_length_1163_cov_1.152510	1163	63.63
P3_68_NODE_1324_length_1163_cov_0.786680	1163	67.76
P3_68_NODE_1325_length_1162_cov_1.066667	1162	75.22
P3_68_NODE_1326_length_1162_cov_0.611594	1162	65.23
P3_68_NODE_1327_length_1158_cov_0.587779	1158	69.52
P3_68_NODE_1328_length_1158_cov_0.380213	1158	72.88
P3_68_NODE_1329_length_1156_cov_0.748299	1156	71.89
P3_68_NODE_1330_length_1154_cov_1.163583	1154	73.83
P3_68_NODE_1331_length_1154_cov_0.589094	1154	69.06
P3_68_NODE_1332_length_1154_cov_0.352483	1154	64.04
P3_68_NODE_1333_length_1152_cov_0.374634	1152	73.44
P3_68_NODE_1334_length_1149_cov_1.190802	1149	67.01
P3_68_NODE_1335_length_1149_cov_0.732877	1149	71.19
P3_68_NODE_1336_length_1148_cov_1.183154	1148	71.86
P3_68_NODE_1337_length_1144_cov_0.866273	1144	72.03
P3_68_NODE_1338_length_1142_cov_2530.000985	1142	62.52
P3_68_NODE_1339_length_1142_cov_0.811823	1142	66.29
P3_68_NODE_1340_length_1142_cov_0.555665	1142	72.42
P3_68_NODE_1341_length_1141_cov_0.641026	1141	70.82
P3_68_NODE_1342_length_1140_cov_1.916091	1140	64.65
P3_68_NODE_1343_length_1139_cov_0.989130	1139	59.17
P3_68_NODE_1344_length_1138_cov_0.490603	1138	71.70
P3_68_NODE_1345_length_1137_cov_1.144554	1137	77.84
P3_68_NODE_1346_length_1137_cov_1.003960	1137	65.79
P3_68_NODE_1347_length_1136_cov_0.458870	1136	67.34
P3_68_NODE_1348_length_1135_cov_2480.136905	1135	65.46
P3_68_NODE_1349_length_1133_cov_1.064612	1133	73.17
P3_68_NODE_1350_length_1133_cov_0.550696	1133	65.05
P3_68_NODE_1351_length_1128_cov_0.666334	1128	76.77
P3_68_NODE_1352_length_1127_cov_0.566000	1127	67.26
P3_68_NODE_1353_length_1126_cov_0.460460	1126	72.65
P3_68_NODE_1354_length_1126_cov_0.341341	1126	69.45
P3_68_NODE_1355_length_1123_cov_0.827309	1123	66.70
P3_68_NODE_1356_length_1123_cov_0.668675	1123	69.63
P3_68_NODE_1357_length_1123_cov_0.486948	1123	77.47
P3_68_NODE_1358_length_1122_cov_0.658291	1122	76.20
P3_68_NODE_1359_length_1121_cov_0.615694	1121	72.26
P3_68_NODE_1360_length_1119_cov_0.837702	1119	74.98
P3_68_NODE_1361_length_1119_cov_0.679435	1119	68.19
P3_68_NODE_1362_length_1119_cov_0.341734	1119	69.44
P3_68_NODE_1363_length_1118_cov_0.631685	1118	68.43
P3_68_NODE_1364_length_1118_cov_0.574168	1118	65.21
P3_68_NODE_1365_length_1118_cov_0.503532	1118	67.26
P3_68_NODE_1366_length_1114_cov_0.973658	1114	66.07
P3_68_NODE_1367_length_1114_cov_0.654509	1114	68.13
P3_68_NODE_1368_length_1114_cov_0.646403	1114	70.29
P3_68_NODE_1369_length_1113_cov_0.681542	1113	62.17
P3_68_NODE_1370_length_1112_cov_1.288325	1112	81.83
P3_68_NODE_1371_length_1112_cov_0.603046	1112	79.86
P3_68_NODE_1372_length_1112_cov_0.435533	1112	68.44
P3_68_NODE_1373_length_1111_cov_0.599593	1111	74.26
P3_68_NODE_1374_length_1111_cov_0.438008	1111	69.13
P3_68_NODE_1375_length_1111_cov_0.414634	1111	65.98
P3_68_NODE_1376_length_1110_cov_0.828077	1110	70.09
P3_68_NODE_1377_length_1110_cov_0.496439	1110	66.04
P3_68_NODE_1378_length_1109_cov_0.739308	1109	70.06
P3_68_NODE_1379_length_1109_cov_0.586558	1109	71.24
P3_68_NODE_1380_length_1107_cov_0.760204	1107	78.86
P3_68_NODE_1381_length_1105_cov_1.811861	1105	39.91
P3_68_NODE_1382_length_1105_cov_0.495910	1105	65.61
P3_68_NODE_1383_length_1104_cov_1.057318	1104	71.56
P3_68_NODE_1384_length_1104_cov_0.629478	1104	65.67
P3_68_NODE_1385_length_1104_cov_0.429887	1104	71.47
P3_68_NODE_1386_length_1103_cov_0.609631	1103	74.98
P3_68_NODE_1387_length_1103_cov_0.549180	1103	71.53
P3_68_NODE_1388_length_1102_cov_0.769231	1102	65.79
P3_68_NODE_1389_length_1101_cov_0.780287	1101	67.85
P3_68_NODE_1390_length_1101_cov_0.636550	1101	41.51
P3_68_NODE_1391_length_1101_cov_0.410678	1101	73.93
P3_68_NODE_1392_length_1101_cov_0.299795	1101	74.48
P3_68_NODE_1393_length_1100_cov_2.177801	1100	71.45
P3_68_NODE_1394_length_1099_cov_0.454733	1099	70.52
P3_68_NODE_1395_length_1098_cov_253.441813	1098	49.09
P3_68_NODE_1396_length_1098_cov_0.946447	1098	61.02
P3_68_NODE_1397_length_1098_cov_0.665294	1098	76.41
P3_68_NODE_1398_length_1098_cov_0.505664	1098	75.59
P3_68_NODE_1399_length_1098_cov_0.360453	1098	76.68
P3_68_NODE_1400_length_1096_cov_0.878225	1096	75.55
P3_68_NODE_1401_length_1094_cov_0.530507	1094	73.03
P3_68_NODE_1402_length_1093_cov_0.453416	1093	78.13
P3_68_NODE_1403_length_1092_cov_1.186528	1092	67.31
P3_68_NODE_1404_length_1092_cov_0.839378	1092	60.62
P3_68_NODE_1405_length_1091_cov_2.240664	1091	69.29
P3_68_NODE_1406_length_1091_cov_0.501037	1091	71.04
P3_68_NODE_1407_length_1090_cov_0.839045	1090	77.80
P3_68_NODE_1408_length_1089_cov_137.963617	1089	45.36
P3_68_NODE_1409_length_1089_cov_1.135135	1089	80.53
P3_68_NODE_1410_length_1088_cov_0.986472	1088	84.28
P3_68_NODE_1411_length_1088_cov_0.818939	1088	74.54
P3_68_NODE_1412_length_1088_cov_0.492196	1088	70.13
P3_68_NODE_1413_length_1087_cov_0.652083	1087	78.20
P3_68_NODE_1414_length_1086_cov_0.683003	1086	67.86
P3_68_NODE_1415_length_1086_cov_0.384776	1086	54.42
P3_68_NODE_1416_length_1085_cov_0.882046	1085	72.44
P3_68_NODE_1417_length_1084_cov_0.830721	1084	75.18
P3_68_NODE_1418_length_1084_cov_0.260188	1084	74.35
P3_68_NODE_1419_length_1082_cov_1.448168	1082	64.97
P3_68_NODE_1420_length_1082_cov_0.541361	1082	70.33
P3_68_NODE_1421_length_1082_cov_0.436649	1082	65.90
P3_68_NODE_1422_length_1081_cov_1.559748	1081	80.11
P3_68_NODE_1423_length_1080_cov_0.423924	1080	72.59
P3_68_NODE_1424_length_1079_cov_0.260504	1079	78.22
P3_68_NODE_1425_length_1075_cov_0.774262	1075	72.65
P3_68_NODE_1426_length_1074_cov_1.341077	1074	69.37
P3_68_NODE_1427_length_1074_cov_0.394931	1074	71.88
P3_68_NODE_1428_length_1073_cov_0.757928	1073	75.68
P3_68_NODE_1429_length_1073_cov_0.690275	1073	75.02
P3_68_NODE_1430_length_1073_cov_0.396406	1073	66.54
P3_68_NODE_1431_length_1072_cov_1.059259	1072	58.68
P3_68_NODE_1432_length_1071_cov_0.726695	1071	66.39
P3_68_NODE_1433_length_1070_cov_0.352068	1070	65.61
P3_68_NODE_1434_length_1070_cov_0.338282	1070	72.24
P3_68_NODE_1435_length_1069_cov_0.882166	1069	69.60
P3_68_NODE_1436_length_1067_cov_1.098936	1067	68.88
P3_68_NODE_1437_length_1067_cov_0.774468	1067	63.17
P3_68_NODE_1438_length_1067_cov_0.447872	1067	82.57
P3_68_NODE_1439_length_1067_cov_0.391489	1067	83.22
P3_68_NODE_1440_length_1067_cov_0.328723	1067	77.04
P3_68_NODE_1441_length_1066_cov_0.726305	1066	73.17
P3_68_NODE_1442_length_1066_cov_0.568690	1066	75.52
P3_68_NODE_1443_length_1066_cov_0.469649	1066	62.38
P3_68_NODE_1444_length_1066_cov_0.378062	1066	65.95
P3_68_NODE_1445_length_1065_cov_0.695096	1065	71.36
P3_68_NODE_1446_length_1064_cov_0.422625	1064	73.50
P3_68_NODE_1447_length_1063_cov_0.887821	1063	72.15
P3_68_NODE_1448_length_1061_cov_1.491435	1061	61.45
P3_68_NODE_1449_length_1061_cov_0.604925	1061	57.59
P3_68_NODE_1450_length_1061_cov_0.375803	1061	68.90
P3_68_NODE_1451_length_1060_cov_0.932476	1060	74.53
P3_68_NODE_1452_length_1060_cov_0.449089	1060	75.57
P3_68_NODE_1453_length_1059_cov_0.771459	1059	79.23
P3_68_NODE_1454_length_1058_cov_0.683136	1058	67.20
P3_68_NODE_1455_length_1057_cov_0.689247	1057	79.28
P3_68_NODE_1456_length_1057_cov_0.420430	1057	78.05
P3_68_NODE_1457_length_1056_cov_1.324004	1056	68.75
P3_68_NODE_1458_length_1055_cov_0.576509	1055	73.74
P3_68_NODE_1459_length_1055_cov_0.355603	1055	69.48
P3_68_NODE_1460_length_1054_cov_0.829558	1054	66.32
P3_68_NODE_1461_length_1054_cov_0.744337	1054	75.14
P3_68_NODE_1462_length_1053_cov_0.506479	1053	78.92
P3_68_NODE_1463_length_1052_cov_2.920000	1052	73.86
P3_68_NODE_1464_length_1052_cov_0.895135	1052	61.41
P3_68_NODE_1465_length_1052_cov_0.768649	1052	62.07
P3_68_NODE_1466_length_1051_cov_0.558442	1051	69.74
P3_68_NODE_1467_length_1051_cov_0.330087	1051	64.03
P3_68_NODE_1468_length_1050_cov_0.544962	1050	74.29
P3_68_NODE_1469_length_1049_cov_0.927332	1049	70.45
P3_68_NODE_1470_length_1048_cov_0.526602	1048	66.41
P3_68_NODE_1471_length_1047_cov_0.802174	1047	66.86
P3_68_NODE_1472_length_1047_cov_0.453261	1047	74.12
P3_68_NODE_1473_length_1046_cov_0.616975	1046	71.89
P3_68_NODE_1474_length_1045_cov_0.668845	1045	73.21
P3_68_NODE_1475_length_1045_cov_0.242919	1045	64.78
P3_68_NODE_1476_length_1044_cov_1.198473	1044	67.72
P3_68_NODE_1477_length_1044_cov_0.726281	1044	70.88
P3_68_NODE_1478_length_1043_cov_0.909389	1043	80.92
P3_68_NODE_1479_length_1043_cov_0.210699	1043	77.28
P3_68_NODE_1480_length_1042_cov_0.852459	1042	66.99
P3_68_NODE_1481_length_1042_cov_0.437158	1042	59.88
P3_68_NODE_1482_length_1041_cov_0.443107	1041	69.36
P3_68_NODE_1483_length_1040_cov_0.740416	1040	66.73
P3_68_NODE_1484_length_1039_cov_0.712719	1039	65.45
P3_68_NODE_1485_length_1039_cov_0.481360	1039	65.16
P3_68_NODE_1486_length_1038_cov_0.424808	1038	62.81
P3_68_NODE_1487_length_1038_cov_0.405049	1038	78.03
P3_68_NODE_1488_length_1037_cov_0.518681	1037	64.22
P3_68_NODE_1489_length_1034_cov_0.950386	1034	76.11
P3_68_NODE_1490_length_1034_cov_0.416759	1034	77.95
P3_68_NODE_1491_length_1032_cov_0.896133	1032	83.04
P3_68_NODE_1492_length_1030_cov_0.648948	1030	78.16
P3_68_NODE_1493_length_1030_cov_0.501661	1030	66.89
P3_68_NODE_1494_length_1029_cov_0.649667	1029	72.21
P3_68_NODE_1495_length_1028_cov_0.314095	1028	74.12
P3_68_NODE_1496_length_1027_cov_0.464444	1027	67.96
P3_68_NODE_1497_length_1026_cov_0.747497	1026	64.13
P3_68_NODE_1498_length_1026_cov_0.497219	1026	75.63
P3_68_NODE_1499_length_1025_cov_0.618040	1025	58.73
P3_68_NODE_1500_length_1025_cov_0.579065	1025	63.71
P3_68_NODE_1501_length_1024_cov_1.415831	1024	60.74
P3_68_NODE_1502_length_1024_cov_0.299889	1024	75.39
P3_68_NODE_1503_length_1023_cov_3.180804	1023	68.13
P3_68_NODE_1504_length_1022_cov_0.321788	1022	67.91
P3_68_NODE_1505_length_1021_cov_0.945190	1021	62.88
P3_68_NODE_1506_length_1021_cov_0.677852	1021	74.93
P3_68_NODE_1507_length_1021_cov_0.384787	1021	68.07
P3_68_NODE_1508_length_1020_cov_0.440090	1020	76.37
P3_68_NODE_1509_length_1019_cov_0.986547	1019	74.78
P3_68_NODE_1510_length_1019_cov_0.693946	1019	64.08
P3_68_NODE_1511_length_1019_cov_0.505605	1019	63.20
P3_68_NODE_1512_length_1018_cov_0.704826	1018	72.59
P3_68_NODE_1513_length_1018_cov_0.500561	1018	81.14
P3_68_NODE_1514_length_1018_cov_0.425365	1018	63.46
P3_68_NODE_1515_length_1017_cov_1.317978	1017	65.88
P3_68_NODE_1516_length_1017_cov_0.668539	1017	68.14
P3_68_NODE_1517_length_1015_cov_0.462838	1015	80.69
P3_68_NODE_1518_length_1013_cov_0.627540	1013	76.21
P3_68_NODE_1519_length_1012_cov_1.204520	1012	68.87
P3_68_NODE_1520_length_1011_cov_0.687783	1011	69.54
P3_68_NODE_1521_length_1010_cov_0.622877	1010	70.30
P3_68_NODE_1522_length_1009_cov_0.421769	1009	67.49
P3_68_NODE_1523_length_1008_cov_0.490352	1008	75.89
P3_68_NODE_1524_length_1007_cov_0.323864	1007	74.98
P3_68_NODE_1525_length_1006_cov_0.996587	1006	74.35
P3_68_NODE_1526_length_1006_cov_0.888510	1006	67.10
P3_68_NODE_1527_length_1006_cov_0.658703	1006	78.73
P3_68_NODE_1528_length_1006_cov_0.590444	1006	76.64
P3_68_NODE_1529_length_1005_cov_0.621868	1005	81.09
P3_68_NODE_1530_length_1005_cov_0.406606	1005	62.49
P3_68_NODE_1531_length_1004_cov_0.553022	1004	69.22
P3_68_NODE_1532_length_1004_cov_0.522235	1004	63.75
P3_68_NODE_1533_length_1004_cov_0.384265	1004	74.40
P3_68_NODE_1534_length_1001_cov_0.699085	1001	69.53
P3_68_NODE_1535_length_1001_cov_0.572082	1001	67.83
P3_68_NODE_1536_length_1000_cov_0.843070	1000	66.30
