#rname	startpos	endpos	numreads	covbases	coverage	meandepth	meanbaseq	meanmapq
P4_41_NODE_1_length_53730_cov_4216.952297	1	53730	13774649	53730	100	35662.1	35.9	59.8
P4_41_NODE_2_length_52686_cov_10.614681	1	52686	32393	52686	100	84.7473	36	59.8
P4_41_NODE_3_length_48520_cov_33.224206	1	48520	93306	48520	100	265.318	36	59.9
P4_41_NODE_4_length_41307_cov_5.578825	1	41307	13538	41307	100	44.9969	36	59.8
P4_41_NODE_5_length_32254_cov_6.531578	1	32254	12996	32254	100	54.3042	35.8	58.8
P4_41_NODE_6_length_29523_cov_2.471357	1	29523	4464	29523	100	20.3909	36	59.6
P4_41_NODE_7_length_27882_cov_6.794199	1	27882	11127	27882	100	54.7516	36	59.6
P4_41_NODE_8_length_27226_cov_4.232887	1	27226	6685	27226	100	33.5604	36	59.2
P4_41_NODE_9_length_26512_cov_5.496684	1	26512	8784	26512	100	45.0121	35.9	59.5
P4_41_NODE_10_length_26054_cov_4.676785	1	26054	7464	26054	100	38.9372	35.9	59.1
P4_41_NODE_11_length_25939_cov_2.921819	1	25939	4495	25939	100	23.6123	36.1	59.7
P4_41_NODE_12_length_25870_cov_4.393855	1	25870	6630	25870	100	35.0233	36	59.1
P4_41_NODE_13_length_24965_cov_11.800105	1	24965	17013	24965	100	93.7728	36	59.8
P4_41_NODE_14_length_24523_cov_7.380472	1	24523	10786	24523	100	59.9281	36	59.8
P4_41_NODE_15_length_24428_cov_7.744208	1	24428	10146	24428	100	56.7799	36	52.9
P4_41_NODE_16_length_23896_cov_14.529934	1	23896	19083	23896	100	109.433	36	55.6
P4_41_NODE_17_length_23723_cov_2.883751	1	23723	4110	23723	100	23.5547	35.9	59.5
P4_41_NODE_18_length_21883_cov_4.863946	1	21883	6087	21882	99.9954	38.4867	36	59.7
P4_41_NODE_19_length_21871_cov_3.331678	1	21871	4571	21871	100	27.2788	35.9	56.2
P4_41_NODE_20_length_21619_cov_2.096175	1	21619	2662	21619	100	16.7688	36	59.1
P4_41_NODE_21_length_21162_cov_12.357975	1	21162	15027	21162	100	97.5192	36.1	58.9
P4_41_NODE_22_length_21147_cov_13.597574	1	21147	17585	21147	100	112.607	35.9	58.8
P4_41_NODE_23_length_20644_cov_3.270069	1	20644	3857	20644	100	25.8276	36	59.8
P4_41_NODE_24_length_20292_cov_4.160526	1	20292	4913	20292	100	33.1572	36	59.6
P4_41_NODE_25_length_19926_cov_4.226779	1	19926	6249	19921	99.9749	37.5481	35.3	50
P4_41_NODE_26_length_19925_cov_11.800030	1	19925	14258	19925	100	97.4196	35.9	59.8
P4_41_NODE_27_length_19026_cov_2.826605	1	19026	3142	19026	100	22.5746	35.9	59.6
P4_41_NODE_28_length_19005_cov_4.849243	1	19005	5133	19005	100	37.4872	36	59.8
P4_41_NODE_29_length_18678_cov_2.684006	1	18678	2999	18678	100	21.9543	36	59.6
P4_41_NODE_30_length_18109_cov_2.112891	1	18109	2309	18109	100	17.2302	35.8	59.6
P4_41_NODE_31_length_18066_cov_2.133285	1	18066	2280	18062	99.9779	17.1389	35.9	59.4
P4_41_NODE_32_length_17775_cov_12.887749	1	17775	14414	17775	100	109.697	35.9	57.6
P4_41_NODE_33_length_17774_cov_7.530005	1	17774	7923	17774	100	60.7389	36	59.7
P4_41_NODE_34_length_17697_cov_1.984804	1	17697	2224	17695	99.9887	16.457	35.8	58.2
P4_41_NODE_35_length_17645_cov_10.522948	1	17645	10597	17641	99.9773	82.5638	36.1	59.9
P4_41_NODE_36_length_17587_cov_7.372852	1	17587	7905	17587	100	59.7467	35.9	57
P4_41_NODE_37_length_17522_cov_41.087151	1	17522	40442	17522	100	321.169	35.9	58.7
P4_41_NODE_38_length_17410_cov_10.125325	1	17410	9928	17410	100	78.0872	36.1	57.3
P4_41_NODE_39_length_16914_cov_3.073390	1	16914	3121	16914	100	25.1198	36	59.7
P4_41_NODE_40_length_16506_cov_3.097869	1	16506	2953	16506	100	24.5981	35.9	59.8
P4_41_NODE_41_length_16503_cov_12.055386	1	16503	11689	16503	100	97.4772	36	58.9
P4_41_NODE_42_length_16500_cov_22.798571	1	16500	22857	16500	100	188.795	35.9	59.8
P4_41_NODE_43_length_16087_cov_5.977381	1	16087	5693	16087	100	48.2334	36	59.6
P4_41_NODE_44_length_16039_cov_4.026269	1	16039	3611	16039	100	31.1326	36.1	59.9
P4_41_NODE_45_length_15904_cov_1.908981	1	15904	3737	15895	99.9434	20.7975	33.1	44.7
P4_41_NODE_46_length_15325_cov_3.054876	1	15325	2702	15325	100	24.1698	35.9	59.8
P4_41_NODE_47_length_14988_cov_15.010834	1	14988	13299	14988	100	121.303	36	59.7
P4_41_NODE_48_length_14786_cov_70.923733	1	14786	79202	14687	99.3304	673.464	35.9	58
P4_41_NODE_49_length_14650_cov_2.195070	1	14650	1920	14650	100	17.6848	35.8	59.3
P4_41_NODE_50_length_14609_cov_2.954910	1	14609	2642	14609	100	24.237	36	59.4
P4_41_NODE_51_length_14553_cov_11.810412	1	14553	10063	14553	100	94.8727	36	59.6
P4_41_NODE_52_length_14454_cov_4.299714	1	14454	3793	14454	100	35.7137	35.9	59.3
P4_41_NODE_53_length_14422_cov_2.819307	1	14422	2446	14422	100	22.8353	35.9	59.5
P4_41_NODE_54_length_14421_cov_2.968938	1	14421	2512	14421	100	23.8372	36	59.4
P4_41_NODE_55_length_14199_cov_2.087621	1	14199	1726	14199	100	16.4264	36.2	59.5
P4_41_NODE_56_length_14122_cov_2.868096	1	14122	2414	14122	100	23.2675	36	59.3
P4_41_NODE_57_length_14103_cov_445.776760	1	14103	365426	14103	100	3589.42	35.9	59.4
P4_41_NODE_58_length_13841_cov_2.400685	1	13841	2052	13841	100	20.2043	35.9	57.9
P4_41_NODE_59_length_13526_cov_10.728114	1	13526	8999	13526	100	90.5708	35.9	58.5
P4_41_NODE_60_length_13431_cov_4.850797	1	13431	3784	13431	100	38.4622	36.1	59.7
P4_41_NODE_61_length_13426_cov_4.794947	1	13426	3756	13426	100	38.0051	36.1	59.6
P4_41_NODE_62_length_13388_cov_2.555991	1	13388	2420	13388	100	23.8265	35.9	58
P4_41_NODE_63_length_13352_cov_8.671531	1	13352	7054	13352	100	72.167	36	58.2
P4_41_NODE_64_length_13172_cov_2.013262	1	13172	1571	13172	100	16.3144	36	59.7
P4_41_NODE_65_length_13168_cov_5.803543	1	13168	4571	13168	100	47.8647	35.9	57.5
P4_41_NODE_66_length_13150_cov_11.033019	1	13150	8420	13150	100	87.8433	36.1	59.6
P4_41_NODE_67_length_13139_cov_4.136259	1	13139	4557	13139	100	37.6396	34.9	43.4
P4_41_NODE_68_length_13019_cov_1.984254	1	13019	4872	13019	100	27.0595	34.8	37.2
P4_41_NODE_69_length_12914_cov_25.675792	1	12914	19517	12914	100	207.585	36	59.9
P4_41_NODE_70_length_12879_cov_1.962594	1	12879	1588	12879	100	16.4792	35.9	59
P4_41_NODE_71_length_12724_cov_1.425657	1	12724	1107	12724	100	11.8002	35.7	58.3
P4_41_NODE_72_length_12496_cov_1.826259	1	12496	1376	12496	100	14.9494	36.1	59.9
P4_41_NODE_73_length_12429_cov_727.234071	1	12429	544987	12429	100	5994.36	36	59.9
P4_41_NODE_74_length_12396_cov_2.035455	1	12396	1437	12396	100	15.9619	36.2	59.6
P4_41_NODE_75_length_12194_cov_3.127206	1	12194	2288	12194	100	25.4792	36	59.2
P4_41_NODE_76_length_12108_cov_1.065687	1	12108	749	12108	100	8.45474	35.9	59.6
P4_41_NODE_77_length_11901_cov_2.489808	1	11901	1647	11901	100	19.2225	35.9	59.5
P4_41_NODE_78_length_11844_cov_3.360331	1	11844	2353	11844	100	26.9561	36	58.6
P4_41_NODE_79_length_11633_cov_4.539197	1	11633	3202	11633	100	37.5063	36.1	59.6
P4_41_NODE_80_length_11573_cov_4.107898	1	11573	2895	11573	100	34.069	35.9	59.6
P4_41_NODE_81_length_11421_cov_2.724810	1	11421	1891	11421	100	22.261	35.8	59
P4_41_NODE_82_length_11415_cov_3.094880	1	11415	2445	11415	100	28.4673	35.7	57.7
P4_41_NODE_83_length_11408_cov_1.736725	1	11408	1163	11408	100	13.9792	36	59.5
P4_41_NODE_84_length_11287_cov_1.272401	1	11287	839	11287	100	10.2055	36.2	59.7
P4_41_NODE_85_length_11270_cov_4.511532	1	11270	2941	11270	100	35.8664	36.1	59.7
P4_41_NODE_86_length_11220_cov_10.400613	1	11220	6817	11220	100	83.1247	36	59.4
P4_41_NODE_87_length_11169_cov_1.636569	1	11169	1087	11169	100	13.2199	36.1	59.8
P4_41_NODE_88_length_11019_cov_2.623944	1	11019	1735	11019	100	21.3029	35.9	59.7
P4_41_NODE_89_length_10911_cov_18.703357	1	10911	12289	10911	100	153.125	36	59.6
P4_41_NODE_90_length_10754_cov_5.128446	1	10754	3358	10754	100	42.1935	35.8	59.7
P4_41_NODE_91_length_10672_cov_1.266572	1	10672	772	10672	100	9.94069	36	59.3
P4_41_NODE_92_length_10652_cov_3.543943	1	10652	727794	10652	100	4219	32	39.5
P4_41_NODE_93_length_10603_cov_6.296583	1	10603	4482	10603	100	57.5051	35.9	57.3
P4_41_NODE_94_length_10466_cov_688.657704	1	10466	434898	10466	100	5665.34	36	59.9
P4_41_NODE_95_length_10446_cov_6.488710	1	10446	4131	10446	100	53.3567	36.1	59.6
P4_41_NODE_96_length_10352_cov_4.120880	1	10352	2512	10352	100	33.1413	36	59.1
P4_41_NODE_97_length_10341_cov_2185.599863	1	10341	1425305	10341	100	19040.7	35.9	59.8
P4_41_NODE_98_length_10228_cov_4.892387	1	10228	3044	10228	100	40.5656	35.9	57.1
P4_41_NODE_99_length_10224_cov_1.576607	1	10224	982	10224	100	12.9384	36	59.4
P4_41_NODE_100_length_10215_cov_8.466990	1	10215	4906	10215	100	66.2341	35.9	57.7
P4_41_NODE_101_length_10149_cov_3.736081	1	10149	2103	10149	100	28.2917	36	57.4
P4_41_NODE_102_length_9991_cov_1.006792	1	9991	815	9991	100	10.1642	36	59.4
P4_41_NODE_103_length_9968_cov_201.347598	1	9968	118652	9968	100	1625.66	36	59.9
P4_41_NODE_104_length_9811_cov_1.659645	1	9811	936	9811	100	12.9902	36	59.4
P4_41_NODE_105_length_9800_cov_1.668769	1	9800	1137	9800	100	14.3161	35.2	52.4
P4_41_NODE_106_length_9608_cov_2.486341	1	9608	1444	9608	100	20.4274	36.2	59.7
P4_41_NODE_107_length_9558_cov_1.536104	1	9558	916	9558	100	12.8398	36.1	59.2
P4_41_NODE_108_length_9479_cov_1.862703	1	9479	1044	9479	100	14.922	36.3	58.5
P4_41_NODE_109_length_9452_cov_2.425308	1	9452	1346	9352	98.942	19.2331	36	58.3
P4_41_NODE_110_length_9364_cov_1.690267	1	9364	964	9364	100	13.8645	35.8	59
P4_41_NODE_111_length_9325_cov_9.003588	1	9325	4959	9325	100	72.7171	36	59.6
P4_41_NODE_112_length_9296_cov_1.375177	1	9296	698	9296	100	10.5138	36.1	59.5
P4_41_NODE_113_length_9295_cov_2.219023	1	9295	1188	9282	99.8601	17.6134	36	59.5
P4_41_NODE_114_length_9167_cov_3.335730	1	9167	1863	9167	100	27.2116	36.1	59
P4_41_NODE_115_length_9157_cov_1.285493	1	9157	685	9157	100	10.163	36.2	59.8
P4_41_NODE_116_length_9073_cov_3.280908	1	9073	1758	9073	100	26.3396	36.1	59.7
P4_41_NODE_117_length_8875_cov_2.633173	1	8875	1359	8875	100	20.729	35.9	59.2
P4_41_NODE_118_length_8872_cov_1.322699	1	8872	688	8872	100	10.4824	36	59.7
P4_41_NODE_119_length_8836_cov_5.265358	1	8836	2788	8836	100	42.5767	35.7	59.2
P4_41_NODE_120_length_8796_cov_3.440766	1	8796	1689	8796	100	25.8269	36.1	56.7
P4_41_NODE_121_length_8759_cov_2.157901	1	8759	1087	8759	100	16.946	36.2	59.2
P4_41_NODE_122_length_8665_cov_1.492036	1	8665	740	8665	100	11.5408	36.1	59.7
P4_41_NODE_123_length_8551_cov_8.569025	1	8551	4360	8551	100	69.179	36.1	59.8
P4_41_NODE_124_length_8467_cov_1.965228	1	8467	974	8467	100	15.7969	35.9	59.7
P4_41_NODE_125_length_8449_cov_1.320236	1	8449	696	8449	100	10.8442	35.9	58.5
P4_41_NODE_126_length_8437_cov_2.355235	1	8437	1215	8437	100	19.573	36.2	57.3
P4_41_NODE_127_length_8399_cov_1.978119	1	8399	1174	8399	100	18.4414	35.8	55
P4_41_NODE_128_length_8338_cov_1.696748	1	8338	759	8338	100	12.6637	36	59.2
P4_41_NODE_129_length_8332_cov_1.047166	1	8332	533	8332	100	8.56097	36	58.9
P4_41_NODE_130_length_8279_cov_2.892542	1	8279	1303	8279	100	22.0413	35.9	59.7
P4_41_NODE_131_length_8260_cov_2.364810	1	8260	1247	8260	100	19.6827	35.8	57.4
P4_41_NODE_132_length_8154_cov_2.057805	1	8154	970	8154	100	16.1366	36.1	59.2
P4_41_NODE_133_length_8047_cov_2.798864	1	8047	1268	8040	99.913	21.5726	36	59.2
P4_41_NODE_134_length_7986_cov_1.286041	1	7986	604	7984	99.975	10.2678	36.1	59.4
P4_41_NODE_135_length_7972_cov_2.969917	1	7972	1384	7972	100	23.7007	36.1	59.4
P4_41_NODE_136_length_7941_cov_2.185820	1	7941	1070	7941	100	18.2753	36.1	58.3
P4_41_NODE_137_length_7806_cov_3.291835	1	7806	1556	7806	100	26.8035	35.9	59.8
P4_41_NODE_138_length_7794_cov_1.483109	1	7794	692	7794	100	11.8791	36	58.1
P4_41_NODE_139_length_7776_cov_1.659825	1	7776	712	7776	100	12.7036	36	59.6
P4_41_NODE_140_length_7767_cov_1.878272	1	7767	832	7767	100	14.7157	35.9	59.9
P4_41_NODE_141_length_7755_cov_7.841243	1	7755	4459	7742	99.8324	77.7511	36	58
P4_41_NODE_142_length_7754_cov_1.767143	1	7754	839	7754	100	14.5992	36	58.4
P4_41_NODE_143_length_7710_cov_2.389687	1	7710	1273	7710	100	21.8026	35.9	57.6
P4_41_NODE_144_length_7687_cov_3.701455	1	7687	2004	7687	100	31.7787	35.2	51.4
P4_41_NODE_145_length_7454_cov_1.242937	1	7454	555	7454	100	9.95385	36.3	59.6
P4_41_NODE_146_length_7430_cov_1.025743	1	7430	423	7430	100	7.87214	36.1	59.8
P4_41_NODE_147_length_7409_cov_1.128536	1	7409	453	7409	100	8.48779	36	59.7
P4_41_NODE_148_length_7401_cov_1.856475	1	7401	757	7401	100	13.9684	36	59.1
P4_41_NODE_149_length_7329_cov_1.659122	1	7329	870	7329	100	13.6278	35.1	47.2
P4_41_NODE_150_length_7217_cov_5.104090	1	7217	2182	7217	100	41.0507	36	59.9
P4_41_NODE_151_length_7216_cov_1.861899	1	7216	863	7195	99.709	15.7749	35.9	59.1
P4_41_NODE_152_length_7214_cov_2.501905	1	7214	1157	7214	100	21.1731	35.8	58
P4_41_NODE_153_length_7166_cov_14.249893	1	7166	6370	7068	98.6324	118.964	36.1	57.6
P4_41_NODE_154_length_7047_cov_4.019220	1	7047	1788	7047	100	35.0996	36	59.2
P4_41_NODE_155_length_7023_cov_5.107889	1	7023	2177	7023	100	41.6546	35.9	59.6
P4_41_NODE_156_length_7015_cov_1.157956	1	7015	448	7015	100	9.02309	36.2	59.4
P4_41_NODE_157_length_6979_cov_1.186369	1	6979	483	6979	100	9.31122	36.1	58.9
P4_41_NODE_158_length_6931_cov_1.771605	1	6931	627	6931	100	12.9642	36.1	60
P4_41_NODE_159_length_6922_cov_1.328182	1	6922	548	6922	100	10.472	36.1	58.2
P4_41_NODE_160_length_6915_cov_0.927372	1	6915	385	6915	100	7.4509	36.2	59.3
P4_41_NODE_161_length_6891_cov_0.977676	1	6891	368	6881	99.8549	7.42389	35.9	59.1
P4_41_NODE_162_length_6841_cov_6.775990	1	6841	2697	6841	100	54.0865	35.9	58.2
P4_41_NODE_163_length_6820_cov_2.981174	1	6820	1379	6820	100	26.0938	36	55.5
P4_41_NODE_164_length_6776_cov_1.695293	1	6776	637	6776	100	12.84	35.9	59.6
P4_41_NODE_165_length_6736_cov_7525.541232	1	6736	3114390	6736	100	63663.5	35.9	59.6
P4_41_NODE_166_length_6721_cov_10.220352	1	6721	6362	6721	100	90.1342	35.8	50.5
P4_41_NODE_167_length_6654_cov_4.864563	1	6654	2191	6654	100	41.6829	35.7	52.8
P4_41_NODE_168_length_6649_cov_1.693652	1	6649	656	6649	100	13.4605	36.1	59.6
P4_41_NODE_169_length_6623_cov_7.947660	1	6623	3034	6623	100	62.8612	36	59.2
P4_41_NODE_170_length_6621_cov_5.237758	1	6621	2635	6621	100	52.0743	36	56.3
P4_41_NODE_171_length_6522_cov_8.784832	1	6522	3673	6522	100	75.6165	35.9	57.2
P4_41_NODE_172_length_6494_cov_1.961520	1	6494	860	6494	100	17.1832	35.5	56.4
P4_41_NODE_173_length_6488_cov_1.331080	1	6488	543	6488	100	11.0185	36	58.4
P4_41_NODE_174_length_6458_cov_9.852544	1	6458	3826	6458	100	79.6629	35.9	59.5
P4_41_NODE_175_length_6451_cov_1.105313	1	6451	450	6451	100	9.2998	35.9	58.5
P4_41_NODE_176_length_6433_cov_3.409768	1	6433	1283	6433	100	27.1589	35.9	59.7
P4_41_NODE_177_length_6433_cov_1.102918	1	6433	422	6433	100	8.78455	36	59.5
P4_41_NODE_178_length_6425_cov_0.893935	1	6425	377	6425	100	7.69089	36	59.3
P4_41_NODE_179_length_6398_cov_1.438208	1	6398	829	6398	100	14.0844	35.9	38.3
P4_41_NODE_180_length_6346_cov_2.856944	1	6346	1109	6346	100	23.2847	35.9	59.6
P4_41_NODE_181_length_6307_cov_1.517961	1	6307	579	6307	100	12.1885	36	59.5
P4_41_NODE_182_length_6295_cov_0.995136	1	6295	415	6295	100	8.24241	35.5	53.5
P4_41_NODE_183_length_6185_cov_1.016672	1	6185	356	6185	100	7.90477	36.1	59.4
P4_41_NODE_184_length_6128_cov_3.233628	1	6128	1594	6128	100	30.5548	35.1	48.6
P4_41_NODE_185_length_6114_cov_1.036579	1	6114	416	6114	100	8.87291	35.8	58.8
P4_41_NODE_186_length_6106_cov_0.877906	1	6106	317	6096	99.8362	7.03112	36	59.8
P4_41_NODE_187_length_6092_cov_1.467728	1	6092	524	6092	100	11.6751	35.8	58.8
P4_41_NODE_188_length_6066_cov_7.828254	1	6066	2860	6066	100	63.2624	35.8	54.1
P4_41_NODE_189_length_6025_cov_5.518205	1	6025	1948	6025	100	44.6928	35.9	58
P4_41_NODE_190_length_6000_cov_2.191384	1	6000	849	6000	100	18.9903	35.9	59.4
P4_41_NODE_191_length_5994_cov_0.914096	1	5994	335	5994	100	7.42593	36.3	59.5
P4_41_NODE_192_length_5984_cov_1.803312	1	5984	697	5984	100	15.5929	36	59.5
P4_41_NODE_193_length_5962_cov_1.307455	1	5962	439	5962	100	10.1598	36.1	59.9
P4_41_NODE_194_length_5914_cov_5.463830	1	5914	1907	5914	100	43.591	36	59.8
P4_41_NODE_195_length_5867_cov_1.014808	1	5867	323	5867	100	7.65212	36.3	60
P4_41_NODE_196_length_5863_cov_2.265516	1	5863	808	5863	100	18.5698	35.8	58.9
P4_41_NODE_197_length_5862_cov_2.910201	1	5862	1122	5862	100	25.3023	35.8	57.7
P4_41_NODE_198_length_5849_cov_1.773331	1	5849	629	5849	100	14.4626	36.2	59.2
P4_41_NODE_199_length_5819_cov_1.822909	1	5819	645	5819	100	14.7878	35.9	58.5
P4_41_NODE_200_length_5765_cov_1.030862	1	5765	548	5765	100	9.7575	35.2	41.4
P4_41_NODE_201_length_5760_cov_2.836144	1	5760	952	5760	100	22.4747	35.8	59.7
P4_41_NODE_202_length_5722_cov_6.368781	1	5722	2078	5722	100	49.5051	36.3	59.9
P4_41_NODE_203_length_5693_cov_1.309378	1	5693	398	5693	100	9.71737	36	59.8
P4_41_NODE_204_length_5597_cov_0.930347	1	5597	291	5597	100	7.16277	36	59
P4_41_NODE_205_length_5588_cov_3.300311	1	5588	1909	5588	100	34.1333	33.5	37.3
P4_41_NODE_206_length_5545_cov_3.341639	1	5545	1094	5545	100	26.8821	36	59.6
P4_41_NODE_207_length_5516_cov_1.439970	1	5516	465	5516	100	11.2217	36	57.4
P4_41_NODE_208_length_5516_cov_1.144183	1	5516	341	5516	100	8.50961	36.2	59.5
P4_41_NODE_209_length_5513_cov_0.858151	1	5513	295	5513	100	7.2641	35.8	59.5
P4_41_NODE_210_length_5465_cov_21.062053	1	5465	6665	5465	100	166.245	36.1	59.9
P4_41_NODE_211_length_5455_cov_1.424737	1	5455	456	5455	100	11.2521	36	59.1
P4_41_NODE_212_length_5447_cov_1.128759	1	5447	367	5447	100	9.08555	36	59.1
P4_41_NODE_213_length_5386_cov_3.414147	1	5386	1081	5375	99.7958	27.3591	36	59.3
P4_41_NODE_214_length_5287_cov_0.963178	1	5287	312	5287	100	7.65935	36	58.2
P4_41_NODE_215_length_5273_cov_1.756510	1	5273	500	5273	100	12.9283	36.1	59.2
P4_41_NODE_216_length_5272_cov_5.141691	1	5272	1673	5272	100	43.5453	35.8	57.6
P4_41_NODE_217_length_5243_cov_2.106724	1	5243	678	5243	100	17.2924	36	59.6
P4_41_NODE_218_length_5239_cov_1.264280	1	5239	378	5223	99.6946	9.63619	36.2	58.4
P4_41_NODE_219_length_5231_cov_5.218064	1	5231	2136	5231	100	47.8734	35.3	49.4
P4_41_NODE_220_length_5229_cov_11.126587	1	5229	3436	5229	100	88.5898	36	59.8
P4_41_NODE_221_length_5221_cov_1.088732	1	5221	322	5221	100	8.31412	36	58.5
P4_41_NODE_222_length_5219_cov_1.169089	1	5219	757	5219	100	12.9084	32.3	33.6
P4_41_NODE_223_length_5201_cov_0.844501	1	5201	243	5201	100	6.41953	35.6	60
P4_41_NODE_224_length_5108_cov_0.829552	1	5108	264	5108	100	6.89859	35.9	59.3
P4_41_NODE_225_length_5098_cov_1.370952	1	5098	432	5098	100	11.2597	36.2	59.6
P4_41_NODE_226_length_5040_cov_1.495827	1	5040	486	5040	100	12.6006	36	58.9
P4_41_NODE_227_length_5027_cov_1.056531	1	5027	298	5027	100	8.06386	35.9	59.3
P4_41_NODE_228_length_5017_cov_1.133742	1	5017	326	5017	100	8.57983	36.1	58.2
P4_41_NODE_229_length_4997_cov_1.409856	1	4997	485	4997	100	12.7819	35.8	57
P4_41_NODE_230_length_4792_cov_0.868167	1	4792	223	4789	99.9374	6.50209	35.9	58.7
P4_41_NODE_231_length_4782_cov_0.841890	1	4782	242	4782	100	6.76725	36.1	58.7
P4_41_NODE_232_length_4742_cov_1.369664	1	4742	350	4742	100	10.3129	35.8	59.7
P4_41_NODE_233_length_4737_cov_2.251627	1	4737	639	4737	100	18.0942	35.9	59.3
P4_41_NODE_234_length_4734_cov_2.712177	1	4734	682	4734	100	20.2015	36	58.8
P4_41_NODE_235_length_4724_cov_1.554275	1	4724	498	4724	100	13.6945	35.7	59.4
P4_41_NODE_236_length_4697_cov_1.130416	1	4697	378	4697	100	8.77305	35.7	45
P4_41_NODE_237_length_4649_cov_1.761389	1	4649	492	4649	100	14.1041	36	59.5
P4_41_NODE_238_length_4643_cov_15.351639	1	4643	4362	4643	100	127.692	35.9	58
P4_41_NODE_239_length_4618_cov_31.970706	1	4618	8855	4618	100	258.524	36.1	59.9
P4_41_NODE_240_length_4617_cov_0.875947	1	4617	266	4617	100	7.68659	36	59.5
P4_41_NODE_241_length_4586_cov_1.222247	1	4586	378	4586	100	10.6873	36	53.6
P4_41_NODE_242_length_4583_cov_0.937163	1	4583	259	4583	100	7.53262	36.1	59
P4_41_NODE_243_length_4576_cov_1.523938	1	4576	388	4576	100	11.8083	36	59.4
P4_41_NODE_244_length_4574_cov_1.142793	1	4574	269	4574	100	8.35286	36	60
P4_41_NODE_245_length_4558_cov_1.565561	1	4558	438	4554	99.9122	12.8058	36	58.5
P4_41_NODE_246_length_4525_cov_1.267622	1	4525	347	4525	100	10.042	35.9	59.2
P4_41_NODE_247_length_4501_cov_0.984225	1	4501	295	4501	100	8.58831	35.9	59.8
P4_41_NODE_248_length_4494_cov_1.760018	1	4494	460	4494	100	13.909	35.9	59.8
P4_41_NODE_249_length_4478_cov_1.090094	1	4478	257	4478	100	8.11076	35.9	59.8
P4_41_NODE_250_length_4426_cov_1.216795	1	4426	299	4426	100	9.20176	36.1	59.6
P4_41_NODE_251_length_4340_cov_5.206741	1	4340	1506	4340	100	46.5424	36	59.4
P4_41_NODE_252_length_4319_cov_6.373807	1	4319	1891	4319	100	59.567	36	58
P4_41_NODE_253_length_4315_cov_1.127985	1	4315	288	4315	100	9.04148	36.1	59.6
P4_41_NODE_254_length_4312_cov_7.959450	1	4312	2032	4312	100	62.8323	35.9	59.8
P4_41_NODE_255_length_4267_cov_1.158696	1	4267	282	4267	100	8.88634	36.3	59.7
P4_41_NODE_256_length_4217_cov_1.447433	1	4217	359	4217	100	11.4776	36.2	59
P4_41_NODE_257_length_4210_cov_1.205976	1	4210	330	4210	100	10.2667	36.2	59.2
P4_41_NODE_258_length_4196_cov_16.173491	1	4196	4172	4196	100	134.436	35.9	59.7
P4_41_NODE_259_length_4173_cov_1.263470	1	4173	296	4173	100	9.61682	36.1	59
P4_41_NODE_260_length_4172_cov_3.075366	1	4172	793	4172	100	25.4605	35.9	59.8
P4_41_NODE_261_length_4169_cov_0.896586	1	4169	231	4147	99.4723	7.29599	35.9	59.2
P4_41_NODE_262_length_4138_cov_1.262029	1	4138	323	4138	100	10.4021	36	59
P4_41_NODE_263_length_4089_cov_1.207723	1	4089	280	4089	100	9.10614	35.9	59.1
P4_41_NODE_264_length_4054_cov_2.350395	1	4054	550	4054	100	18.3315	36	58.6
P4_41_NODE_265_length_4026_cov_1.194665	1	4026	318	4026	100	10.1316	36	50.7
P4_41_NODE_266_length_3979_cov_1.222482	1	3979	294	3979	100	9.98693	35.9	59.9
P4_41_NODE_267_length_3958_cov_1.545810	1	3958	334	3958	100	11.52	36.2	59.2
P4_41_NODE_268_length_3953_cov_0.879509	1	3953	216	3953	100	7.31849	35.9	59.2
P4_41_NODE_269_length_3948_cov_1.080345	1	3948	240	3948	100	8.13779	36.1	58.8
P4_41_NODE_270_length_3944_cov_3.559602	1	3944	776	3944	100	26.8261	35.8	54.1
P4_41_NODE_271_length_3901_cov_1.001325	1	3901	212	3901	100	7.59523	35.8	59.7
P4_41_NODE_272_length_3900_cov_1.141532	1	3900	263	3900	100	8.95513	35.9	59.8
P4_41_NODE_273_length_3865_cov_59.606207	1	3865	13340	3865	100	470.048	36.1	59.8
P4_41_NODE_274_length_3859_cov_0.812701	1	3859	162	3859	100	5.96994	36.2	59.8
P4_41_NODE_275_length_3859_cov_0.727224	1	3859	160	3859	100	5.5092	36.1	58.6
P4_41_NODE_276_length_3854_cov_1.088275	1	3854	242	3854	100	8.43591	36	58
P4_41_NODE_277_length_3821_cov_1.466703	1	3821	339	3821	100	11.8158	36	57.5
P4_41_NODE_278_length_3805_cov_1.106036	1	3805	1622	3805	100	29.6733	27.7	14.5
P4_41_NODE_279_length_3702_cov_1.127273	1	3702	236	3702	100	8.70367	36.2	60
P4_41_NODE_280_length_3692_cov_1.146704	1	3692	269	3692	100	9.5344	35.8	59.7
P4_41_NODE_281_length_3685_cov_0.688027	1	3685	131	3685	100	5.0152	35.8	60
P4_41_NODE_282_length_3678_cov_1.513095	1	3678	395	3678	100	14.3502	36	54.6
P4_41_NODE_283_length_3663_cov_1.166572	1	3663	292	3663	100	10.9031	36.3	57.6
P4_41_NODE_284_length_3661_cov_1.373514	1	3661	310	3661	100	11.5122	36	59.5
P4_41_NODE_285_length_3659_cov_0.899207	1	3659	175	3659	100	6.50506	36.2	59
P4_41_NODE_286_length_3658_cov_1.086095	1	3658	219	3658	100	8.34199	35.9	59.8
P4_41_NODE_287_length_3653_cov_1.301475	1	3653	295	3653	100	10.6581	35.7	59.6
P4_41_NODE_288_length_3644_cov_2.922093	1	3644	699	3644	100	25.2484	35.9	57.9
P4_41_NODE_289_length_3614_cov_3.338400	1	3614	813	3593	99.4189	29.5008	35.9	57.7
P4_41_NODE_290_length_3613_cov_1.465863	1	3613	345	3607	99.8339	12.3573	35.6	57.6
P4_41_NODE_291_length_3601_cov_1.134427	1	3601	294	3601	100	10.541	35.8	59.4
P4_41_NODE_292_length_3575_cov_0.720128	1	3575	184	3575	100	6.51944	35.5	57.7
P4_41_NODE_293_length_3560_cov_0.963297	1	3560	204	3560	100	7.70787	35.9	56.8
P4_41_NODE_294_length_3553_cov_2.191477	1	3553	419	3536	99.5215	16.4619	35.9	59.3
P4_41_NODE_295_length_3497_cov_1.421662	1	3497	351	3487	99.714	12.9643	35.9	54.1
P4_41_NODE_296_length_3482_cov_1.069747	1	3482	220	3482	100	8.48219	35.8	58.9
P4_41_NODE_297_length_3477_cov_1.320896	1	3477	272	3477	100	10.6776	35.9	58.9
P4_41_NODE_298_length_3467_cov_1.010479	1	3467	176	3467	100	7.227	35.9	60
P4_41_NODE_299_length_3465_cov_1.173757	1	3465	246	3465	100	9.45224	36	59.3
P4_41_NODE_300_length_3422_cov_0.794537	1	3422	163	3422	100	6.33811	35.5	57.3
P4_41_NODE_301_length_3381_cov_1.149355	1	3381	214	3381	100	8.8462	36.2	59.3
P4_41_NODE_302_length_3359_cov_0.926980	1	3359	189	3359	100	7.68175	35.9	60
P4_41_NODE_303_length_3346_cov_0.852749	1	3346	175	3346	100	6.93903	36.1	58.5
P4_41_NODE_304_length_3345_cov_0.662213	1	3345	130	3345	100	5.04753	36.2	58
P4_41_NODE_305_length_3331_cov_1.254682	1	3331	284	3331	100	11.3224	36.1	58.3
P4_41_NODE_306_length_3322_cov_0.681064	1	3322	121	3322	100	5.19416	36	60
P4_41_NODE_307_length_3304_cov_1.114259	1	3304	208	3304	100	8.51392	35.9	58.2
P4_41_NODE_308_length_3303_cov_0.727645	1	3303	159	3303	100	6.15895	36.3	58.8
P4_41_NODE_309_length_3300_cov_1.224393	1	3300	234	3300	100	9.6097	35.6	58.4
P4_41_NODE_310_length_3261_cov_1.197511	1	3261	239	3261	100	9.72432	35.8	60
P4_41_NODE_311_length_3238_cov_0.924140	1	3238	229	3238	100	8.71402	36.1	58.8
P4_41_NODE_312_length_3221_cov_0.824499	1	3221	156	3221	100	6.4747	36	57.5
P4_41_NODE_313_length_3179_cov_0.905963	1	3179	160	3179	100	6.97892	36.2	60
P4_41_NODE_314_length_3127_cov_0.959000	1	3127	171	3127	100	7.45283	36.3	59.7
P4_41_NODE_315_length_3116_cov_0.879224	1	3116	254	3116	100	8.57349	33.1	41.3
P4_41_NODE_316_length_3110_cov_8.459269	1	3110	1432	3110	100	61.0855	36	49.9
P4_41_NODE_317_length_3105_cov_0.855944	1	3105	165	3105	100	6.99291	36.2	58.9
P4_41_NODE_318_length_3087_cov_0.934797	1	3087	198	3087	100	8.47522	35.8	57.3
P4_41_NODE_319_length_3066_cov_6.571876	1	3066	1212	3066	100	53.1138	35.9	58.5
P4_41_NODE_320_length_3061_cov_2.361963	1	3061	444	3061	100	19.4057	36	59.2
P4_41_NODE_321_length_3060_cov_0.935561	1	3060	165	3060	100	7.26765	36	59.2
P4_41_NODE_322_length_3056_cov_0.771253	1	3056	119	3056	100	5.4519	36.5	60
P4_41_NODE_323_length_3033_cov_0.938747	1	3033	153	3033	100	6.9334	35.6	59.9
P4_41_NODE_324_length_3028_cov_0.783868	1	3028	114	3028	100	5.48316	35.8	60
P4_41_NODE_325_length_3026_cov_24.962892	1	3026	4688	3026	100	205.714	35.9	58.3
P4_41_NODE_326_length_3018_cov_1.663438	1	3018	295	3018	100	12.7177	35.8	51.8
P4_41_NODE_327_length_3000_cov_0.693352	1	3000	113	2931	97.7	5.218	36.2	58.9
P4_41_NODE_328_length_2995_cov_0.797071	1	2995	150	2995	100	6.67947	36.1	59.7
P4_41_NODE_329_length_2968_cov_0.929602	1	2968	150	2958	99.6631	7.00337	35.8	59.4
P4_41_NODE_330_length_2967_cov_1.269718	1	2967	212	2967	100	9.77856	35.9	59.7
P4_41_NODE_331_length_2956_cov_1.376458	1	2956	223	2956	100	10.5815	35.7	59.6
P4_41_NODE_332_length_2949_cov_0.814670	1	2949	147	2949	100	6.51645	35.8	58.4
P4_41_NODE_333_length_2915_cov_0.815638	1	2915	132	2915	100	6.094	35.6	59
P4_41_NODE_334_length_2898_cov_0.716709	1	2898	130	2898	100	5.97999	36.1	59.5
P4_41_NODE_335_length_2877_cov_0.904364	1	2877	149	2877	100	7.01946	36.1	59.9
P4_41_NODE_336_length_2871_cov_0.689869	1	2871	115	2871	100	5.45698	36.2	59.7
P4_41_NODE_337_length_2865_cov_1.263696	1	2865	225	2857	99.7208	10.6883	36	56.1
P4_41_NODE_338_length_2857_cov_0.719414	1	2857	261	2857	100	10.6465	35.8	49.5
P4_41_NODE_339_length_2848_cov_0.732084	1	2848	123	2848	100	5.71419	35.9	59.1
P4_41_NODE_340_length_2837_cov_0.681550	1	2837	101	2837	100	5.06556	35.8	59.4
P4_41_NODE_341_length_2834_cov_0.997784	1	2834	189	2834	100	8.29358	35.8	56
P4_41_NODE_342_length_2834_cov_0.683044	1	2834	103	2834	100	5.11044	36.3	60
P4_41_NODE_343_length_2821_cov_0.906830	1	2821	149	2821	100	7.1223	35.8	59.7
P4_41_NODE_344_length_2818_cov_1.207729	1	2818	211	2817	99.9645	10.0156	35.9	58.6
P4_41_NODE_345_length_2802_cov_2.881188	1	2802	501	2802	100	23.5532	36	59.5
P4_41_NODE_346_length_2793_cov_1.005626	1	2793	137	2793	100	7.09488	35.9	59.4
P4_41_NODE_347_length_2772_cov_2.148582	1	2772	411	2772	100	19.7175	36	56.4
P4_41_NODE_348_length_2758_cov_0.852147	1	2758	145	2758	100	7.07034	36.1	58.7
P4_41_NODE_349_length_2756_cov_1.140738	1	2756	168	2756	100	8.4971	36.2	59.8
P4_41_NODE_350_length_2745_cov_0.774255	1	2745	118	2745	100	5.84044	36.2	60
P4_41_NODE_351_length_2735_cov_0.970092	1	2735	172	2735	100	8.17112	36.1	58.7
P4_41_NODE_352_length_2720_cov_3.726957	1	2720	554	2720	100	27.9471	35.9	59.3
P4_41_NODE_353_length_2703_cov_0.741460	1	2703	111	2703	100	5.63744	35.9	59.7
P4_41_NODE_354_length_2685_cov_0.764660	1	2685	113	2685	100	5.87076	35.7	60
P4_41_NODE_355_length_2682_cov_3.509980	1	2682	715	2682	100	35.107	35.8	51.9
P4_41_NODE_356_length_2682_cov_1.246967	1	2682	206	2682	100	10.3259	36.1	59.9
P4_41_NODE_357_length_2665_cov_0.840426	1	2665	125	2665	100	6.33621	35.9	58.8
P4_41_NODE_358_length_2662_cov_1.950296	1	2662	374	2662	100	18.728	36.3	56
P4_41_NODE_359_length_2652_cov_0.681980	1	2652	108	2652	100	5.35181	35.9	57.4
P4_41_NODE_360_length_2642_cov_1.811133	1	2642	349	2642	100	17.2142	35.9	55.6
P4_41_NODE_361_length_2633_cov_0.756983	1	2633	165	2633	100	8.00418	36.2	50.1
P4_41_NODE_362_length_2609_cov_0.846898	1	2609	153	2609	100	7.33461	35.9	57.4
P4_41_NODE_363_length_2604_cov_1.016552	1	2604	154	2604	100	8.00077	35.7	59.3
P4_41_NODE_364_length_2599_cov_1.351133	1	2599	232	2582	99.3459	11.6048	36.1	53.7
P4_41_NODE_365_length_2594_cov_0.721119	1	2594	819	2594	100	21.6646	28.2	8.61
P4_41_NODE_366_length_2592_cov_0.905477	1	2592	128	2592	100	6.68904	36.2	59.7
P4_41_NODE_367_length_2585_cov_0.936941	1	2585	127	2585	100	6.87002	36	59
P4_41_NODE_368_length_2578_cov_1.512444	1	2578	269	2578	100	13.3941	36.1	55.3
P4_41_NODE_369_length_2575_cov_1.098448	1	2575	173	2575	100	8.61864	36	58.6
P4_41_NODE_370_length_2573_cov_1.563778	1	2573	278	2573	100	13.9666	36.3	52.1
P4_41_NODE_371_length_2563_cov_0.860427	1	2563	118	2563	100	6.35934	36	58.2
P4_41_NODE_372_length_2559_cov_2.021382	1	2559	317	2559	100	16.3646	35.8	58.9
P4_41_NODE_373_length_2559_cov_1.925987	1	2559	343	2559	100	17.519	36.2	55.5
P4_41_NODE_374_length_2533_cov_1.458437	1	2533	213	2512	99.1709	11.2771	35.8	57.5
P4_41_NODE_375_length_2508_cov_1.009240	1	2508	148	2508	100	8.09211	36.1	59.7
P4_41_NODE_376_length_2506_cov_0.565364	1	2506	75	2497	99.6409	4.21149	35.8	60
P4_41_NODE_377_length_2483_cov_0.921902	1	2483	153	2483	100	7.74144	35.6	58.5
P4_41_NODE_378_length_2482_cov_0.797028	1	2482	105	2482	100	5.73932	35.8	59.6
P4_41_NODE_379_length_2482_cov_0.667941	1	2482	92	2482	100	5.09911	36.7	60
P4_41_NODE_380_length_2478_cov_10.572948	1	2478	1885	2478	100	103.222	36.3	52.9
P4_41_NODE_381_length_2476_cov_0.693487	1	2476	96	2476	100	5.34289	36	59.6
P4_41_NODE_382_length_2475_cov_0.567291	1	2475	90	2475	100	4.56848	36.4	56.9
P4_41_NODE_383_length_2445_cov_2.936583	1	2445	547	2445	100	25.3575	35.6	47.3
P4_41_NODE_384_length_2441_cov_0.627053	1	2441	112	2441	100	5.7288	35.6	58.7
P4_41_NODE_385_length_2440_cov_0.661911	1	2440	82	2440	100	4.75902	36.2	59.6
P4_41_NODE_386_length_2426_cov_0.657677	1	2426	86	2426	100	4.9798	36.2	60
P4_41_NODE_387_length_2425_cov_0.771105	1	2425	126	2425	100	6.96247	35.8	59.4
P4_41_NODE_388_length_2425_cov_0.621410	1	2425	144	2425	100	6.81814	36.2	57
P4_41_NODE_389_length_2423_cov_0.909843	1	2423	121	2423	100	6.94635	36.4	60
P4_41_NODE_390_length_2420_cov_0.813345	1	2420	109	2420	100	6.20413	36.1	60
P4_41_NODE_391_length_2391_cov_4.521048	1	2391	654	2391	100	35.9887	35.9	59.8
P4_41_NODE_392_length_2391_cov_1.524293	1	2391	198	2391	100	11.591	36.1	59.9
P4_41_NODE_393_length_2382_cov_0.720177	1	2382	106	2372	99.5802	5.70739	35.9	58.1
P4_41_NODE_394_length_2364_cov_3.014752	1	2364	857	2364	100	40.6392	36.3	45
P4_41_NODE_395_length_2359_cov_0.488351	1	2359	83	2359	100	4.33362	35.8	58.9
P4_41_NODE_396_length_2356_cov_0.761328	1	2356	104	2356	100	6.11927	35.9	59.5
P4_41_NODE_397_length_2347_cov_1.187838	1	2347	170	2347	100	9.6438	35.9	59
P4_41_NODE_398_length_2342_cov_9.026185	1	2342	1482	2342	100	79.7805	36.1	59.7
P4_41_NODE_399_length_2336_cov_1.054776	1	2336	146	2336	100	7.98801	35.7	57.2
P4_41_NODE_400_length_2320_cov_0.594619	1	2320	81	2320	100	4.68578	36	59.5
P4_41_NODE_401_length_2319_cov_0.959398	1	2319	121	2319	100	7.02113	36	59
P4_41_NODE_402_length_2314_cov_0.544124	1	2314	76	2314	100	4.33319	35.9	57.3
P4_41_NODE_403_length_2304_cov_0.802940	1	2304	101	2304	100	6.02127	36.2	60
P4_41_NODE_404_length_2300_cov_4.972849	1	2300	703	2300	100	41.2448	35.7	55
P4_41_NODE_405_length_2299_cov_0.615562	1	2299	91	2299	100	5.01609	35.6	57.6
P4_41_NODE_406_length_2296_cov_0.500231	1	2296	68	2296	100	4.027	36.4	60
P4_41_NODE_407_length_2277_cov_1.040465	1	2277	126	2277	100	7.63636	36.2	59.8
P4_41_NODE_408_length_2275_cov_0.843575	1	2275	102	2275	100	6.29319	36	60
P4_41_NODE_409_length_2269_cov_0.676471	1	2269	106	2269	100	6.18687	35.5	57.7
P4_41_NODE_410_length_2266_cov_0.835437	1	2266	87	2266	100	5.64828	35.9	59.9
P4_41_NODE_411_length_2256_cov_2.934711	1	2256	699	2255	99.9557	36.973	36.1	37.7
P4_41_NODE_412_length_2251_cov_0.812147	1	2251	91	2251	100	5.67881	36.1	59.6
P4_41_NODE_413_length_2249_cov_1.029218	1	2249	139	2249	100	8.13962	35.9	59.2
P4_41_NODE_414_length_2236_cov_0.837364	1	2236	110	2236	100	6.58721	36	59.5
P4_41_NODE_415_length_2236_cov_0.588431	1	2236	81	2236	100	4.64848	36.2	57.6
P4_41_NODE_416_length_2235_cov_1.324478	1	2235	153	2235	100	9.60179	35.8	59.2
P4_41_NODE_417_length_2231_cov_0.682510	1	2231	83	2231	100	5.02958	36	59.9
P4_41_NODE_418_length_2221_cov_0.972779	1	2221	135	2221	100	7.94957	36.2	59.6
P4_41_NODE_419_length_2218_cov_0.787661	1	2218	108	2218	100	6.39134	36.2	58.5
P4_41_NODE_420_length_2214_cov_1.084332	1	2214	128	2214	100	8.17751	35.1	58.9
P4_41_NODE_421_length_2203_cov_0.835742	1	2203	107	2203	100	6.45529	35.8	58.8
P4_41_NODE_422_length_2195_cov_1.098646	1	2195	108	2195	100	7.14761	36.4	59.9
P4_41_NODE_423_length_2193_cov_1.093901	1	2193	124	2184	99.5896	7.81441	36.5	59.8
P4_41_NODE_424_length_2183_cov_0.772374	1	2183	87	2174	99.5877	5.36555	36	59.1
P4_41_NODE_425_length_2181_cov_0.930867	1	2181	137	2181	100	7.79092	35.8	57.4
P4_41_NODE_426_length_2179_cov_0.552632	1	2179	73	2179	100	4.24553	36	56.8
P4_41_NODE_427_length_2177_cov_0.605366	1	2177	68	2177	100	4.40377	36.4	59.4
P4_41_NODE_428_length_2168_cov_1.300343	1	2168	151	2168	100	9.82288	36.1	60
P4_41_NODE_429_length_2154_cov_0.586581	1	2154	81	2154	100	5.00975	35.7	59.7
P4_41_NODE_430_length_2148_cov_1.085106	1	2148	160	2148	100	9.83147	36	59.3
P4_41_NODE_431_length_2146_cov_0.658247	1	2146	92	2146	100	5.3616	35.9	56.4
P4_41_NODE_432_length_2137_cov_0.982090	1	2137	104	2137	100	6.86008	36	60
P4_41_NODE_433_length_2124_cov_0.569354	1	2124	60	2124	100	4.06544	36.7	60
P4_41_NODE_434_length_2121_cov_0.600301	1	2121	65	2121	100	4.3984	35.9	60
P4_41_NODE_435_length_2114_cov_0.546553	1	2114	70	2114	100	4.36377	36.4	59
P4_41_NODE_436_length_2102_cov_0.671392	1	2102	89	2102	100	5.36537	35.8	57.8
P4_41_NODE_437_length_2098_cov_0.548960	1	2098	85	2098	100	5.00763	36	58.4
P4_41_NODE_438_length_2093_cov_0.480163	1	2093	69	2065	98.6622	4.04348	36.2	59.1
P4_41_NODE_439_length_2073_cov_0.966084	1	2073	111	2064	99.5658	7.2547	35.8	58.9
P4_41_NODE_440_length_2066_cov_0.667354	1	2066	69	2066	100	4.69313	35.7	58.3
P4_41_NODE_441_length_2061_cov_0.970527	1	2061	129	2057	99.8059	8.3246	36.2	59.6
P4_41_NODE_442_length_2050_cov_0.871035	1	2050	94	2050	100	6.39463	35.7	60
P4_41_NODE_443_length_2049_cov_1.021852	1	2049	111	2049	100	7.41484	36.4	59.9
P4_41_NODE_444_length_2047_cov_0.736979	1	2047	85	2047	100	5.47875	35.8	58.1
P4_41_NODE_445_length_2037_cov_0.644503	1	2037	89	2037	100	5.58616	36	59.4
P4_41_NODE_446_length_2033_cov_1.604167	1	2033	215	2033	100	13.4737	35.7	58.7
P4_41_NODE_447_length_2018_cov_0.703860	1	2018	71	2018	100	4.87265	36.3	58.9
P4_41_NODE_448_length_2011_cov_1.276539	1	2011	202	2011	100	11.0184	36	44
P4_41_NODE_449_length_2000_cov_2.008542	1	2000	231	2000	100	15.49	35.9	57.6
P4_41_NODE_450_length_1998_cov_1.451630	1	1998	287	1998	100	13.5771	34.1	42.6
P4_41_NODE_451_length_1998_cov_1.138963	1	1998	138	1998	100	9.12262	35.9	59.1
P4_41_NODE_452_length_1995_cov_0.717345	1	1995	131	1995	100	7.10426	35.8	55.3
P4_41_NODE_453_length_1987_cov_0.674194	1	1987	84	1987	100	5.51485	35.8	59.8
P4_41_NODE_454_length_1987_cov_0.594086	1	1987	91	1987	100	5.54655	35.9	57.8
P4_41_NODE_455_length_1985_cov_0.934338	1	1985	108	1985	100	7.54156	36	60
P4_41_NODE_456_length_1975_cov_0.746753	1	1975	73	1975	100	5.10127	36.2	58.9
P4_41_NODE_457_length_1971_cov_2.806959	1	1971	394	1971	100	23.9569	36	51.2
P4_41_NODE_458_length_1953_cov_0.623768	1	1953	58	1953	100	4.27803	36.1	60
P4_41_NODE_459_length_1952_cov_0.919452	1	1952	111	1952	100	7.28996	35.8	59.6
P4_41_NODE_460_length_1950_cov_0.667581	1	1950	66	1950	100	4.7159	35.9	58.4
P4_41_NODE_461_length_1949_cov_1.141603	1	1949	131	1949	100	8.34992	36.1	54.3
P4_41_NODE_462_length_1942_cov_1.469972	1	1942	177	1942	100	11.7621	35.8	52.8
P4_41_NODE_463_length_1942_cov_0.755372	1	1942	103	1942	100	6.76468	35.8	55.4
P4_41_NODE_464_length_1931_cov_0.756098	1	1931	83	1931	100	5.54169	36	59.4
P4_41_NODE_465_length_1929_cov_0.849612	1	1929	99	1929	100	6.90358	35.5	59.6
P4_41_NODE_466_length_1927_cov_1.280556	1	1927	118	1927	100	8.85625	35.9	59.8
P4_41_NODE_467_length_1926_cov_0.365203	1	1926	53	1917	99.5327	3.31308	36	55.9
P4_41_NODE_468_length_1920_cov_0.702175	1	1920	90	1920	100	6.16927	35.8	58.7
P4_41_NODE_469_length_1916_cov_0.680268	1	1916	82	1916	100	5.69154	36.2	57.6
P4_41_NODE_470_length_1909_cov_1.116723	1	1909	108	1909	100	7.7098	36.3	58.9
P4_41_NODE_471_length_1892_cov_0.964306	1	1892	122	1892	100	8.44715	36.4	58.9
P4_41_NODE_472_length_1890_cov_0.710153	1	1890	75	1890	100	5.32698	36.3	59.2
P4_41_NODE_473_length_1889_cov_0.698070	1	1889	77	1889	100	5.46268	35.8	60
P4_41_NODE_474_length_1888_cov_0.941511	1	1888	102	1888	100	7.15201	35.6	57.8
P4_41_NODE_475_length_1888_cov_0.852357	1	1888	135	1888	100	8.08792	33.8	45.9
P4_41_NODE_476_length_1887_cov_0.663068	1	1887	73	1887	100	4.97615	36.1	58.2
P4_41_NODE_477_length_1876_cov_0.770154	1	1876	150	1876	100	7.88273	34.5	44
P4_41_NODE_478_length_1873_cov_1.681558	1	1873	410	1871	99.8932	25.646	35.9	54.4
P4_41_NODE_479_length_1871_cov_0.576835	1	1871	77	1871	100	5.15714	35.7	59.3
P4_41_NODE_480_length_1866_cov_0.884991	1	1866	4381	1857	99.5177	89.4416	32.8	55.6
P4_41_NODE_481_length_1865_cov_1.247411	1	1865	141	1865	100	9.83003	35.6	58.9
P4_41_NODE_482_length_1859_cov_0.519053	1	1859	53	1859	100	3.97095	35.5	59.9
P4_41_NODE_483_length_1857_cov_0.865318	1	1857	88	1857	100	6.78137	35.7	60
P4_41_NODE_484_length_1853_cov_0.666280	1	1853	95	1853	100	5.69023	36.5	57
P4_41_NODE_485_length_1848_cov_0.618245	1	1848	67	1848	100	4.73214	36	60
P4_41_NODE_486_length_1844_cov_0.520676	1	1844	74	1844	100	4.59328	36.3	57.5
P4_41_NODE_487_length_1842_cov_0.795918	1	1842	126	1841	99.9457	8.18512	35.7	58.1
P4_41_NODE_488_length_1840_cov_0.485114	1	1840	87	1833	99.6196	5.07065	32.9	42.9
P4_41_NODE_489_length_1833_cov_1.084994	1	1833	105	1833	100	8.02837	36.3	60
P4_41_NODE_490_length_1827_cov_0.538824	1	1827	66	1827	100	4.60974	36	57.9
P4_41_NODE_491_length_1824_cov_0.454331	1	1824	56	1824	100	3.95395	35.8	60
P4_41_NODE_492_length_1822_cov_0.777581	1	1822	82	1822	100	5.83864	36.4	59.1
P4_41_NODE_493_length_1818_cov_0.678888	1	1818	84	1818	100	5.89274	35.1	57.2
P4_41_NODE_494_length_1815_cov_0.950237	1	1815	100	1815	100	7.48705	35.8	58.8
P4_41_NODE_495_length_1815_cov_0.489336	1	1815	60	1815	100	4.39835	35.8	59.5
P4_41_NODE_496_length_1811_cov_0.524347	1	1811	59	1811	100	4.11817	36.3	58.3
P4_41_NODE_497_length_1792_cov_0.838438	1	1792	92	1792	100	6.58482	36	59.1
P4_41_NODE_498_length_1789_cov_0.821300	1	1789	84	1789	100	6.12297	36.3	59
P4_41_NODE_499_length_1787_cov_0.537349	1	1787	67	1787	100	4.36598	36.2	55.1
P4_41_NODE_500_length_1784_cov_0.590223	1	1784	46	1784	100	3.73487	35.6	59.9
P4_41_NODE_501_length_1783_cov_1.021739	1	1783	103	1783	100	8.0516	36.1	60
P4_41_NODE_502_length_1779_cov_0.806901	1	1779	80	1779	100	6.0579	35.7	60
P4_41_NODE_503_length_1776_cov_0.687690	1	1776	78	1776	100	5.68018	36.1	59.6
P4_41_NODE_504_length_1768_cov_0.597197	1	1768	68	1768	100	5.09389	35.5	59.1
P4_41_NODE_505_length_1764_cov_0.463653	1	1764	45	1764	100	3.48186	36.3	60
P4_41_NODE_506_length_1760_cov_0.971219	1	1760	89	1760	100	7.07727	35.7	59.1
P4_41_NODE_507_length_1756_cov_0.632904	1	1756	68	1756	100	5.08827	35.7	59
P4_41_NODE_508_length_1753_cov_0.654367	1	1753	64	1753	100	4.89846	35.9	59.4
P4_41_NODE_509_length_1751_cov_0.674261	1	1751	69	1751	100	5.19303	36.4	59.6
P4_41_NODE_510_length_1748_cov_0.636027	1	1748	62	1748	100	4.66991	36.2	60
P4_41_NODE_511_length_1745_cov_31.479701	1	1745	3386	1745	100	258.017	36.2	59.9
P4_41_NODE_512_length_1744_cov_0.735312	1	1744	71	1744	100	5.37156	36.1	57.2
P4_41_NODE_513_length_1743_cov_0.490099	1	1743	50	1743	100	3.70338	36.2	59.6
P4_41_NODE_514_length_1742_cov_0.769040	1	1742	71	1742	100	5.53904	36.2	58.7
P4_41_NODE_515_length_1740_cov_0.705518	1	1740	62	1740	100	4.98563	36	59.8
P4_41_NODE_516_length_1740_cov_0.599504	1	1740	64	1740	100	5.05115	36.3	60
P4_41_NODE_517_length_1738_cov_0.749224	1	1738	66	1738	100	5.45282	35.9	60
P4_41_NODE_518_length_1738_cov_0.746120	1	1738	63	1738	100	5.09379	36.2	58.1
P4_41_NODE_519_length_1737_cov_0.586957	1	1737	58	1737	100	4.6114	36	60
P4_41_NODE_520_length_1733_cov_1.130760	1	1733	112	1721	99.3076	8.56492	36.4	59.5
P4_41_NODE_521_length_1728_cov_1.422236	1	1728	167	1728	100	12.3999	35.4	50.6
P4_41_NODE_522_length_1727_cov_0.736250	1	1727	75	1727	100	5.67921	36.1	60
P4_41_NODE_523_length_1724_cov_0.993738	1	1724	110	1724	100	8.32483	35.3	59.3
P4_41_NODE_524_length_1723_cov_2.710526	1	1723	262	1723	100	20.6198	35.9	56.2
P4_41_NODE_525_length_1723_cov_0.745614	1	1723	67	1723	100	5.34417	36.1	60
P4_41_NODE_526_length_1719_cov_0.780151	1	1719	62	1719	100	5.2548	35.7	60
P4_41_NODE_527_length_1718_cov_0.891263	1	1718	86	1708	99.4179	6.58498	36.1	59.5
P4_41_NODE_528_length_1717_cov_0.864780	1	1717	93	1717	100	6.90798	36.3	57.1
P4_41_NODE_529_length_1716_cov_0.702958	1	1716	62	1706	99.4172	4.7366	36.3	58.8
P4_41_NODE_530_length_1712_cov_0.640379	1	1712	72	1712	100	5.50292	35.4	57.3
P4_41_NODE_531_length_1707_cov_0.762025	1	1707	92	1707	100	6.12888	35	47.1
P4_41_NODE_532_length_1706_cov_1.786574	1	1706	232	1706	100	18.9027	35.7	52
P4_41_NODE_533_length_1703_cov_0.605964	1	1703	56	1703	100	4.32061	36.1	60
P4_41_NODE_534_length_1693_cov_0.909323	1	1693	158	1693	100	8.58181	34.1	32.6
P4_41_NODE_535_length_1690_cov_0.607806	1	1690	72	1690	100	5.56509	35.8	59.9
P4_41_NODE_536_length_1688_cov_0.631646	1	1688	67	1688	100	5.37974	35.6	59.7
P4_41_NODE_537_length_1684_cov_0.671162	1	1684	66	1684	100	5.43409	36.1	59.8
P4_41_NODE_538_length_1680_cov_1.929169	1	1680	175	1680	100	14.7262	36.2	58.2
P4_41_NODE_539_length_1680_cov_1.155827	1	1680	95	1680	100	7.84821	36.2	59.7
P4_41_NODE_540_length_1679_cov_1.059923	1	1679	85	1679	100	7.10482	36.2	60
P4_41_NODE_541_length_1679_cov_0.545103	1	1679	61	1679	100	4.89279	35.7	59.7
P4_41_NODE_542_length_1671_cov_4.262953	1	1671	571	1671	100	42.6679	35.7	45.8
P4_41_NODE_543_length_1667_cov_0.753247	1	1667	163	1667	100	8.78464	32.6	35.3
P4_41_NODE_544_length_1667_cov_0.546753	1	1667	48	1667	100	3.95201	35.9	59.2
P4_41_NODE_545_length_1666_cov_0.805068	1	1666	80	1666	100	6.42617	36.4	59
P4_41_NODE_546_length_1662_cov_0.715309	1	1662	89	1662	100	6.46631	36.1	58.6
P4_41_NODE_547_length_1655_cov_1.814791	1	1655	210	1655	100	15.6175	35.5	54.8
P4_41_NODE_548_length_1655_cov_0.744110	1	1655	66	1655	100	5.65317	35.8	60
P4_41_NODE_549_length_1651_cov_0.573491	1	1651	51	1651	100	4.26529	36	60
P4_41_NODE_550_length_1641_cov_0.951123	1	1641	94	1641	100	7.46313	36.4	59.6
P4_41_NODE_551_length_1638_cov_1.158173	1	1638	180	1638	100	10.7833	35.9	40.6
P4_41_NODE_552_length_1638_cov_0.415619	1	1638	114	1638	100	5.87912	35.5	44.4
P4_41_NODE_553_length_1637_cov_0.729139	1	1637	73	1637	100	5.64142	35.9	59.6
P4_41_NODE_554_length_1635_cov_0.514589	1	1635	50	1635	100	4.16453	36.4	60
P4_41_NODE_555_length_1631_cov_0.892952	1	1631	67	1631	100	5.91294	35.7	60
P4_41_NODE_556_length_1630_cov_0.499002	1	1630	52	1630	100	3.97914	35.3	58.5
P4_41_NODE_557_length_1629_cov_2.503329	1	1629	290	1629	100	22.9398	35.9	55.3
P4_41_NODE_558_length_1627_cov_0.690667	1	1627	64	1627	100	4.54333	36.1	49.4
P4_41_NODE_559_length_1626_cov_0.877252	1	1626	80	1626	100	6.39114	35.9	58.8
P4_41_NODE_560_length_1626_cov_0.649099	1	1626	52	1626	100	4.57565	35.8	60
P4_41_NODE_561_length_1625_cov_2.801941	1	1625	446	1625	100	36.6369	35.8	56.2
P4_41_NODE_562_length_1621_cov_0.877510	1	1621	72	1621	100	6.32511	36.1	60
P4_41_NODE_563_length_1619_cov_1.050938	1	1619	89	1612	99.5676	7.38604	36	59.5
P4_41_NODE_564_length_1619_cov_0.623324	1	1619	48	1619	100	4.14145	36.1	60
P4_41_NODE_565_length_1618_cov_0.782696	1	1618	65	1618	100	5.57231	35.5	60
P4_41_NODE_566_length_1615_cov_0.991263	1	1615	103	1615	100	8.09721	36.1	58.8
P4_41_NODE_567_length_1612_cov_0.660606	1	1612	87	1612	100	6.02916	35.4	51.3
P4_41_NODE_568_length_1603_cov_0.553523	1	1603	51	1603	100	4.25951	35.9	60
P4_41_NODE_569_length_1601_cov_2.218453	1	1601	177	1601	100	15.6071	35.4	58.6
P4_41_NODE_570_length_1597_cov_1.379592	1	1597	118	1597	100	10.2755	35.5	57.3
P4_41_NODE_571_length_1587_cov_0.673973	1	1587	65	1587	100	5.45306	36.2	59.2
P4_41_NODE_572_length_1584_cov_0.500343	1	1584	45	1584	100	3.72727	36.1	60
P4_41_NODE_573_length_1582_cov_0.567010	1	1582	54	1582	100	4.25917	35.9	57.3
P4_41_NODE_574_length_1579_cov_0.882920	1	1579	67	1579	100	6.0608	36.4	60
P4_41_NODE_575_length_1578_cov_0.917988	1	1578	79	1578	100	7.04943	35.4	60
P4_41_NODE_576_length_1568_cov_1.129077	1	1568	73	1568	100	6.99362	36.7	60
P4_41_NODE_577_length_1567_cov_0.665278	1	1567	71	1567	100	5.62731	35.5	55.5
P4_41_NODE_578_length_1567_cov_0.511806	1	1567	54	1562	99.6809	4.68475	34.9	59.7
P4_41_NODE_579_length_1566_cov_0.976372	1	1566	100	1566	100	7.88314	36	57.4
P4_41_NODE_580_length_1565_cov_0.949235	1	1565	73	1565	100	6.50032	36.2	60
P4_41_NODE_581_length_1560_cov_0.631542	1	1560	62	1550	99.359	5.22244	36.1	58.6
P4_41_NODE_582_length_1559_cov_0.435754	1	1559	40	1559	100	3.32457	36.1	53.6
P4_41_NODE_583_length_1557_cov_0.543357	1	1557	41	1557	100	3.74952	36.3	60
P4_41_NODE_584_length_1555_cov_0.757703	1	1555	61	1555	100	5.53762	36.4	59.8
P4_41_NODE_585_length_1553_cov_216.701964	1	1553	21255	1553	100	1779.5	35.8	58.2
P4_41_NODE_586_length_1550_cov_0.631764	1	1550	55	1550	100	4.86065	36.4	60
P4_41_NODE_587_length_1549_cov_0.773558	1	1549	61	1549	100	5.58102	35.6	58
P4_41_NODE_588_length_1543_cov_0.536017	1	1543	44	1543	100	3.92158	35.7	60
P4_41_NODE_589_length_1540_cov_0.851380	1	1540	83	1540	100	7.2026	36.2	60
P4_41_NODE_590_length_1536_cov_0.662881	1	1536	58	1536	100	5.11068	35.8	60
P4_41_NODE_591_length_1530_cov_0.393443	1	1530	46	1530	100	3.44314	36.1	54.3
P4_41_NODE_592_length_1528_cov_0.481085	1	1528	62	1528	100	4.98495	35.5	60
P4_41_NODE_593_length_1520_cov_2.063173	1	1520	211	1520	100	17.2888	36.1	57.5
P4_41_NODE_594_length_1519_cov_1.110632	1	1519	96	1519	100	8.61619	36.1	60
P4_41_NODE_595_length_1516_cov_0.583873	1	1516	47	1516	100	4.2566	35.9	60
P4_41_NODE_596_length_1512_cov_1.176895	1	1512	112	1512	100	9.44511	35.6	57.8
P4_41_NODE_597_length_1512_cov_0.746570	1	1512	63	1512	100	5.62368	35.7	60
P4_41_NODE_598_length_1510_cov_0.814895	1	1510	68	1510	100	5.74503	35.8	57.6
P4_41_NODE_599_length_1502_cov_1.125091	1	1502	86	1502	100	7.97936	36.1	60
P4_41_NODE_600_length_1493_cov_0.694729	1	1493	50	1493	100	4.67314	36.5	60
P4_41_NODE_601_length_1492_cov_0.799267	1	1492	71	1492	100	5.98391	35.9	57.1
P4_41_NODE_602_length_1487_cov_0.617647	1	1487	36	1487	100	3.65568	36.4	60
P4_41_NODE_603_length_1486_cov_0.520971	1	1486	43	1477	99.3943	3.84859	36	58.7
P4_41_NODE_604_length_1485_cov_0.714286	1	1485	54	1485	100	4.90774	36.1	58.7
P4_41_NODE_605_length_1482_cov_1.522509	1	1482	124	1482	100	11.6559	35.9	60
P4_41_NODE_606_length_1479_cov_0.587278	1	1479	61	1479	100	4.80325	35.7	55.1
P4_41_NODE_607_length_1478_cov_0.633605	1	1478	46	1478	100	4.43099	36.4	60
P4_41_NODE_608_length_1478_cov_0.618801	1	1478	46	1478	100	4.2659	36.4	60
P4_41_NODE_609_length_1476_cov_0.654559	1	1476	54	1476	100	4.90379	36	59.3
P4_41_NODE_610_length_1475_cov_0.472552	1	1475	40	1475	100	3.6339	35.7	60
P4_41_NODE_611_length_1474_cov_14.556793	1	1474	1187	1474	100	108.934	36.2	59.8
P4_41_NODE_612_length_1473_cov_0.869985	1	1473	68	1473	100	6.59267	36.1	60
P4_41_NODE_613_length_1473_cov_0.554978	1	1473	39	1473	100	3.84386	36.1	60
P4_41_NODE_614_length_1472_cov_3.866171	1	1472	332	1472	100	31.3974	35.8	50.1
P4_41_NODE_615_length_1470_cov_0.771407	1	1470	69	1470	100	5.95714	35.8	59.7
P4_41_NODE_616_length_1470_cov_0.513031	1	1470	50	1470	100	4.21769	36.2	58.3
P4_41_NODE_617_length_1468_cov_0.907532	1	1468	68	1468	100	6.26839	36.2	58.6
P4_41_NODE_618_length_1468_cov_0.624161	1	1468	44	1468	100	4.32834	36.2	60
P4_41_NODE_619_length_1465_cov_1.079970	1	1465	154	1465	100	11.9672	36.2	52.5
P4_41_NODE_620_length_1465_cov_0.704783	1	1465	47	1465	100	4.67235	35.6	60
P4_41_NODE_621_length_1460_cov_0.617404	1	1460	55	1460	100	4.72534	35.7	57.1
P4_41_NODE_622_length_1460_cov_0.596399	1	1460	55	1460	100	4.50548	35.4	52.5
P4_41_NODE_623_length_1457_cov_1.204511	1	1457	103	1457	100	9.23404	35.5	58.9
P4_41_NODE_624_length_1455_cov_1.057982	1	1455	70	1455	100	6.76632	35.5	59.9
P4_41_NODE_625_length_1453_cov_1.507541	1	1453	109	1453	100	10.4164	35.6	57.1
P4_41_NODE_626_length_1450_cov_0.605442	1	1450	49	1450	100	4.62	35.8	60
P4_41_NODE_627_length_1448_cov_0.633611	1	1448	54	1448	100	5.03315	36.4	60
P4_41_NODE_628_length_1448_cov_0.548827	1	1448	48	1448	100	4.47652	35.4	59.7
P4_41_NODE_629_length_1446_cov_0.866566	1	1446	58	1446	100	5.76003	36.4	60
P4_41_NODE_630_length_1441_cov_0.976408	1	1441	74	1441	100	7.19362	35.8	59.8
P4_41_NODE_631_length_1436_cov_0.686020	1	1436	61	1436	100	5.62953	36.3	60
P4_41_NODE_632_length_1434_cov_0.671767	1	1434	49	1434	100	4.76081	36.8	59.9
P4_41_NODE_633_length_1429_cov_1.490783	1	1429	136	1419	99.3002	11.0896	35.8	40.6
P4_41_NODE_634_length_1427_cov_0.735385	1	1427	47	1427	100	4.64821	36	58.3
P4_41_NODE_635_length_1422_cov_1.202317	1	1422	99	1422	100	9.26723	36	58.8
P4_41_NODE_636_length_1421_cov_0.748841	1	1421	59	1421	100	5.21886	36.5	59.8
P4_41_NODE_637_length_1419_cov_0.747678	1	1419	57	1419	100	5.42424	36.4	59.3
P4_41_NODE_638_length_1415_cov_0.720497	1	1415	45	1415	100	4.54982	36.3	59.4
P4_41_NODE_639_length_1413_cov_1.224728	1	1413	174	1413	100	16.3079	36.2	49.5
P4_41_NODE_640_length_1413_cov_0.607309	1	1413	49	1413	100	4.75938	36.3	60
P4_41_NODE_641_length_1407_cov_0.610938	1	1407	50	1407	100	4.67946	36.1	59.4
P4_41_NODE_642_length_1406_cov_1.059421	1	1406	76	1406	100	7.4175	35.6	59.7
P4_41_NODE_643_length_1406_cov_0.458170	1	1406	40	1406	100	3.46728	36.3	53.6
P4_41_NODE_644_length_1405_cov_0.823944	1	1405	58	1405	100	5.66192	36.3	60
P4_41_NODE_645_length_1404_cov_0.696946	1	1404	63	1404	100	5.19729	36.3	56.9
P4_41_NODE_646_length_1404_cov_0.588880	1	1404	41	1404	100	4.02564	36.4	60
P4_41_NODE_647_length_1403_cov_0.932602	1	1403	75	1403	100	7.34141	35.9	59.2
P4_41_NODE_648_length_1399_cov_0.680031	1	1399	76	1399	100	6.91637	36	54.9
P4_41_NODE_649_length_1399_cov_0.547170	1	1399	39	1399	100	3.69693	36.2	59
P4_41_NODE_650_length_1397_cov_0.788189	1	1397	50	1397	100	5.16178	36.3	60
P4_41_NODE_651_length_1394_cov_1.020521	1	1394	67	1394	100	6.9132	36.6	60
P4_41_NODE_652_length_1391_cov_21.432753	1	1391	1642	1391	100	161.704	35.9	53.9
P4_41_NODE_653_length_1389_cov_1.164025	1	1389	82	1350	97.1922	8.42549	36	58.6
P4_41_NODE_654_length_1387_cov_0.960317	1	1387	82	1387	100	7.54722	36.5	59.5
P4_41_NODE_655_length_1387_cov_0.582540	1	1387	58	1387	100	5.45926	36.1	59.8
P4_41_NODE_656_length_1387_cov_0.375397	1	1387	32	1387	100	3.27469	35.5	60
P4_41_NODE_657_length_1386_cov_0.736299	1	1386	54	1386	100	5.28283	36.2	58.9
P4_41_NODE_658_length_1385_cov_0.594595	1	1385	45	1376	99.3502	4.54296	36.3	60
P4_41_NODE_659_length_1382_cov_0.607968	1	1382	41	1382	100	4.11939	36.5	57.1
P4_41_NODE_660_length_1380_cov_0.666401	1	1380	47	1380	100	4.69783	36.5	60
P4_41_NODE_661_length_1379_cov_0.693291	1	1379	54	1379	100	4.91371	35.8	57.3
P4_41_NODE_662_length_1378_cov_0.700240	1	1378	46	1378	100	4.54862	36	57.8
P4_41_NODE_663_length_1375_cov_0.580929	1	1375	39	1375	100	3.992	36.1	60
P4_41_NODE_664_length_1373_cov_0.831461	1	1373	63	1373	100	5.92571	36.5	59.3
P4_41_NODE_665_length_1362_cov_0.702834	1	1362	65	1362	100	5.74596	35.6	56.2
P4_41_NODE_666_length_1362_cov_0.588664	1	1362	67	1362	100	5.72907	36.4	54.5
P4_41_NODE_667_length_1361_cov_0.436791	1	1361	52	1361	100	4.27847	35.9	57.6
P4_41_NODE_668_length_1357_cov_1.307317	1	1357	142	1357	100	13.0796	35.7	58.2
P4_41_NODE_669_length_1356_cov_0.889341	1	1356	63	1356	100	6.12906	35.8	56.2
P4_41_NODE_670_length_1355_cov_0.650651	1	1355	74	1355	100	6.45683	35.3	57.6
P4_41_NODE_671_length_1353_cov_0.645188	1	1353	42	1353	100	4.5255	35.9	60
P4_41_NODE_672_length_1351_cov_0.794935	1	1351	54	1351	100	5.50555	36.1	59.6
P4_41_NODE_673_length_1347_cov_0.869672	1	1347	79	1347	100	7.40683	35.7	58
P4_41_NODE_674_length_1347_cov_0.447541	1	1347	37	1347	100	3.5761	36.3	59.7
P4_41_NODE_675_length_1345_cov_0.960591	1	1345	61	1345	100	6.56729	36	60
P4_41_NODE_676_length_1345_cov_0.463875	1	1345	38	1345	100	3.52639	36	56.3
P4_41_NODE_677_length_1342_cov_0.505350	1	1342	40	1342	100	3.66766	35.8	58
P4_41_NODE_678_length_1341_cov_0.420099	1	1341	34	1341	100	3.19538	35.9	58.4
P4_41_NODE_679_length_1338_cov_1.019818	1	1338	66	1338	100	7.00448	36.3	59.4
P4_41_NODE_680_length_1338_cov_0.499587	1	1338	40	1338	100	4.04783	36.4	60
P4_41_NODE_681_length_1336_cov_0.558313	1	1336	45	1336	100	4.28967	36.3	59.1
P4_41_NODE_682_length_1335_cov_0.672185	1	1335	62	1335	100	5.37004	35.1	56
P4_41_NODE_683_length_1331_cov_0.989203	1	1331	87	1331	100	7.79189	36.2	57.5
P4_41_NODE_684_length_1331_cov_0.636213	1	1331	50	1331	100	4.97671	36.2	58.8
P4_41_NODE_685_length_1329_cov_0.509151	1	1329	39	1321	99.398	3.92551	35.9	59.6
P4_41_NODE_686_length_1326_cov_1.002502	1	1326	76	1326	100	7.77225	36.1	59.9
P4_41_NODE_687_length_1326_cov_0.763136	1	1326	50	1326	100	5.31297	36.3	59.6
P4_41_NODE_688_length_1326_cov_0.736447	1	1326	52	1326	100	5.56335	36.2	60
P4_41_NODE_689_length_1322_cov_0.934728	1	1322	67	1322	100	6.82602	36.3	59.6
P4_41_NODE_690_length_1321_cov_0.979062	1	1321	81	1227	92.8842	8.0545	36.4	59.9
P4_41_NODE_691_length_1320_cov_0.651299	1	1320	58	1320	100	5.51667	36.3	59.3
P4_41_NODE_692_length_1319_cov_0.856544	1	1319	54	1319	100	5.66869	36.1	59.3
P4_41_NODE_693_length_1319_cov_0.690436	1	1319	43	1302	98.7111	4.58605	36.4	60
P4_41_NODE_694_length_1319_cov_0.640101	1	1319	43	1319	100	4.55042	36	59.9
P4_41_NODE_695_length_1318_cov_0.507137	1	1318	37	1318	100	3.72003	35.6	57.5
P4_41_NODE_696_length_1314_cov_0.807919	1	1314	49	1314	100	5.14307	36.4	59.2
P4_41_NODE_697_length_1311_cov_0.739865	1	1311	59	1311	100	6.05263	35.9	60
P4_41_NODE_698_length_1310_cov_2.683855	1	1310	240	1310	100	23.5382	36	55
P4_41_NODE_699_length_1306_cov_0.621713	1	1306	56	1306	100	5.56508	36.2	60
P4_41_NODE_700_length_1303_cov_0.443027	1	1303	31	1303	100	3.24635	35.9	60
P4_41_NODE_701_length_1300_cov_0.591645	1	1300	43	1300	100	4.63769	36.2	60
P4_41_NODE_702_length_1297_cov_0.797436	1	1297	74	1297	100	6.24364	36.1	54.5
P4_41_NODE_703_length_1297_cov_0.772650	1	1297	67	1297	100	5.83346	34.7	43.7
P4_41_NODE_704_length_1297_cov_0.540171	1	1297	36	1297	100	3.85582	36.2	60
P4_41_NODE_705_length_1296_cov_1.624465	1	1296	105	1279	98.6883	10.6443	36	49.4
P4_41_NODE_706_length_1295_cov_0.375000	1	1295	24	1295	100	2.64865	36.3	60
P4_41_NODE_707_length_1294_cov_0.990574	1	1294	60	1294	100	6.47295	36.5	58.2
P4_41_NODE_708_length_1294_cov_0.755784	1	1294	58	1294	100	6.07496	36.1	59.3
P4_41_NODE_709_length_1291_cov_0.661512	1	1291	54	1291	100	5.32765	36.3	59.3
P4_41_NODE_710_length_1290_cov_0.707653	1	1290	41	1290	100	4.5062	36.3	60
P4_41_NODE_711_length_1288_cov_0.586563	1	1288	40	1288	100	4.47593	35.8	60
P4_41_NODE_712_length_1284_cov_0.654278	1	1284	60	1284	100	5.45249	36	57.3
P4_41_NODE_713_length_1284_cov_0.469317	1	1284	31	1284	100	3.49065	34.9	60
P4_41_NODE_714_length_1283_cov_0.554498	1	1283	55	1283	100	5.12783	35.2	59
P4_41_NODE_715_length_1280_cov_2.777971	1	1280	228	1280	100	23.1891	35.3	53.9
P4_41_NODE_716_length_1280_cov_0.845620	1	1280	50	1280	100	5.70469	36.4	60
P4_41_NODE_717_length_1277_cov_0.599130	1	1277	51	1277	100	4.97103	35.5	56.9
P4_41_NODE_718_length_1276_cov_0.589208	1	1276	42	1276	100	4.73668	36.3	60
P4_41_NODE_719_length_1275_cov_0.509582	1	1275	35	1275	100	3.60706	36	59.1
P4_41_NODE_720_length_1272_cov_0.606987	1	1272	42	1262	99.2138	4.38994	35.4	59.7
P4_41_NODE_721_length_1269_cov_0.539405	1	1269	42	1269	100	4.18519	35.8	54.3
P4_41_NODE_722_length_1268_cov_0.571429	1	1268	64	1268	100	5.82019	36.4	58.2
P4_41_NODE_723_length_1268_cov_0.532866	1	1268	38	1259	99.2902	4.05284	36.6	60
P4_41_NODE_724_length_1264_cov_0.599824	1	1264	46	1255	99.288	4.17801	35.9	58
P4_41_NODE_725_length_1264_cov_0.396658	1	1264	41	1264	100	3.94699	35.1	54.3
P4_41_NODE_726_length_1262_cov_0.677533	1	1262	73	1262	100	6.66878	35.3	59.2
P4_41_NODE_727_length_1261_cov_3.316282	1	1261	257	1261	100	25.8565	35.8	59.4
P4_41_NODE_728_length_1260_cov_0.663725	1	1260	40	1260	100	4.46825	36.1	59
P4_41_NODE_729_length_1259_cov_0.774735	1	1259	57	1259	100	5.91581	36.3	59.6
P4_41_NODE_730_length_1259_cov_0.646643	1	1259	52	1259	100	5.32168	36.1	60
P4_41_NODE_731_length_1256_cov_0.525244	1	1256	39	1256	100	4.04936	36.2	60
P4_41_NODE_732_length_1255_cov_0.369681	1	1255	26	1255	100	2.43347	36.2	56.9
P4_41_NODE_733_length_1253_cov_0.665187	1	1253	50	1253	100	5.13727	36.1	58.9
P4_41_NODE_734_length_1250_cov_0.582369	1	1250	38	1250	100	4.3168	36.4	60
P4_41_NODE_735_length_1250_cov_0.529831	1	1250	46	1250	100	4.4696	34.8	52.4
P4_41_NODE_736_length_1249_cov_1.137255	1	1249	69	1249	100	7.77182	36.4	60
P4_41_NODE_737_length_1247_cov_0.541964	1	1247	33	1247	100	3.7915	36.2	60
P4_41_NODE_738_length_1243_cov_0.548387	1	1243	39	1243	100	4.23652	36	59.3
P4_41_NODE_739_length_1242_cov_0.723767	1	1242	43	1242	100	4.94042	36.4	60
P4_41_NODE_740_length_1240_cov_0.482480	1	1240	35	1240	100	3.97984	36.2	60
P4_41_NODE_741_length_1239_cov_0.419065	1	1239	30	1239	100	3.40194	36.3	60
P4_41_NODE_742_length_1236_cov_0.361587	1	1236	39	1236	100	4.54935	36.2	60
P4_41_NODE_743_length_1232_cov_1.052489	1	1232	67	1232	100	7.28653	35.9	60
P4_41_NODE_744_length_1231_cov_1.096920	1	1231	57	1231	100	6.89033	35.7	60
P4_41_NODE_745_length_1230_cov_0.581142	1	1230	49	1230	100	4.50163	36.1	49
P4_41_NODE_746_length_1229_cov_0.725953	1	1229	44	1229	100	4.96501	36.2	59.5
P4_41_NODE_747_length_1228_cov_0.843778	1	1228	65	1228	100	6.46906	36	58.5
P4_41_NODE_748_length_1228_cov_0.446866	1	1228	30	1228	100	3.39739	35.1	59.6
P4_41_NODE_749_length_1227_cov_1.067273	1	1227	66	1227	100	7.12714	35.7	58.4
P4_41_NODE_750_length_1225_cov_0.899818	1	1225	56	1225	100	6.21796	36.4	55.9
P4_41_NODE_751_length_1224_cov_0.431176	1	1224	29	1219	99.5915	3.11928	35.9	60
P4_41_NODE_752_length_1224_cov_0.409298	1	1224	28	1224	100	2.95016	36.5	59.4
P4_41_NODE_753_length_1212_cov_0.688479	1	1212	48	1212	100	5.10066	36.3	58.8
P4_41_NODE_754_length_1212_cov_0.565899	1	1212	57	1212	100	4.76815	36.5	53.5
P4_41_NODE_755_length_1211_cov_0.449262	1	1211	36	1211	100	3.78613	35.1	57.8
P4_41_NODE_756_length_1210_cov_0.915974	1	1210	62	1210	100	6.60909	35.9	55.9
P4_41_NODE_757_length_1207_cov_0.796296	1	1207	74	1207	100	7.01077	34.7	50
P4_41_NODE_758_length_1206_cov_0.669138	1	1206	39	1206	100	4.48756	36.5	59.5
P4_41_NODE_759_length_1205_cov_0.889610	1	1205	64	1205	100	6.90539	36.5	60
P4_41_NODE_760_length_1205_cov_0.804267	1	1205	87	1205	100	9.39253	35.6	47.5
P4_41_NODE_761_length_1205_cov_0.621521	1	1205	44	1198	99.4191	4.50539	36	58.2
P4_41_NODE_762_length_1202_cov_0.826047	1	1202	50	1202	100	5.37687	35.4	54.4
P4_41_NODE_763_length_1202_cov_0.539535	1	1202	44	1202	100	4.47504	36.1	58.2
P4_41_NODE_764_length_1199_cov_0.496269	1	1199	5826	1199	100	318.065	25.4	8.04
P4_41_NODE_765_length_1198_cov_0.633987	1	1198	36	1198	100	4.27295	36.7	60
P4_41_NODE_766_length_1196_cov_0.760524	1	1196	59	1196	100	5.58528	35.6	56.5
P4_41_NODE_767_length_1196_cov_0.677268	1	1196	46	1196	100	5.03344	36.3	59.5
P4_41_NODE_768_length_1196_cov_0.448082	1	1196	35	1196	100	3.83528	35.2	58.9
P4_41_NODE_769_length_1195_cov_0.815543	1	1195	57	1195	100	6.20084	36	56.8
P4_41_NODE_770_length_1194_cov_0.991565	1	1194	77	1194	100	7.17839	35.9	51.8
P4_41_NODE_771_length_1194_cov_0.887535	1	1194	58	1194	100	6.51926	35.9	58.6
P4_41_NODE_772_length_1192_cov_1.192488	1	1192	70	1192	100	8.03859	36	59.4
P4_41_NODE_773_length_1192_cov_0.453521	1	1192	30	1192	100	3.34564	36.2	60
P4_41_NODE_774_length_1191_cov_0.236842	1	1191	30	1191	100	2.82872	35.3	59.1
P4_41_NODE_775_length_1186_cov_0.639282	1	1186	36	1186	100	4.27319	36.7	59.7
P4_41_NODE_776_length_1186_cov_0.604344	1	1186	39	1186	100	4.49916	36.2	60
P4_41_NODE_777_length_1185_cov_0.443289	1	1185	44	1185	100	4.16034	35.1	53.6
P4_41_NODE_778_length_1184_cov_0.763482	1	1184	103	1184	100	9.30236	35.9	39.4
P4_41_NODE_779_length_1184_cov_0.364238	1	1184	34	1184	100	3.46115	35.9	60
P4_41_NODE_780_length_1183_cov_0.565341	1	1183	31	1183	100	3.75909	36.3	60
P4_41_NODE_781_length_1181_cov_0.969639	1	1181	62	1181	100	7.17358	36.2	60
P4_41_NODE_782_length_1181_cov_0.484820	1	1181	32	1181	100	3.67062	36.4	60
P4_41_NODE_783_length_1178_cov_22.362512	1	1178	1492	1178	100	173.196	35.9	59.3
P4_41_NODE_784_length_1178_cov_0.490010	1	1178	24	1178	100	3.05263	35.9	60
P4_41_NODE_785_length_1175_cov_0.708015	1	1175	45	1175	100	5.11915	36.1	60
P4_41_NODE_786_length_1175_cov_0.587786	1	1175	31	1175	100	3.78043	35.7	60
P4_41_NODE_787_length_1174_cov_0.626552	1	1174	63	1174	100	6.20784	35.7	58.2
P4_41_NODE_788_length_1173_cov_0.617591	1	1173	39	1173	100	4.58227	36.2	60
P4_41_NODE_789_length_1172_cov_1.287081	1	1172	70	1172	100	8.25085	36.4	59
P4_41_NODE_790_length_1170_cov_1.254075	1	1170	79	1170	100	8.93333	35.8	60
P4_41_NODE_791_length_1169_cov_0.666027	1	1169	51	1169	100	5.57057	36	60
P4_41_NODE_792_length_1169_cov_0.646833	1	1169	36	1169	100	4.19162	35.9	59.2
P4_41_NODE_793_length_1167_cov_0.550000	1	1167	49	1167	100	5.6084	35.8	58.4
P4_41_NODE_794_length_1162_cov_0.583575	1	1162	57	1158	99.6558	6.01807	35.8	59.4
P4_41_NODE_795_length_1161_cov_0.698259	1	1161	39	1161	100	4.5969	36.2	59.7
P4_41_NODE_796_length_1158_cov_0.818623	1	1158	60	1158	100	6.14076	36	56.1
P4_41_NODE_797_length_1156_cov_0.630709	1	1156	31	1156	100	3.85381	36.1	60
P4_41_NODE_798_length_1155_cov_0.778210	1	1155	54	1155	100	5.45628	35.5	51.1
P4_41_NODE_799_length_1153_cov_0.554581	1	1153	31	1153	100	3.74241	36.2	59.5
P4_41_NODE_800_length_1151_cov_0.727539	1	1151	38	1151	100	4.55604	35.9	59.9
P4_41_NODE_801_length_1151_cov_0.408203	1	1151	25	1151	100	2.77932	34.8	54.2
P4_41_NODE_802_length_1150_cov_0.723363	1	1150	52	1150	100	5.07478	35.5	50.9
P4_41_NODE_803_length_1150_cov_0.649071	1	1150	43	1150	100	5.09391	36	58.7
P4_41_NODE_804_length_1150_cov_0.527859	1	1150	86	1150	100	8.06261	35.4	45.4
P4_41_NODE_805_length_1150_cov_0.515152	1	1150	35	1150	100	4.12087	35.9	60
P4_41_NODE_806_length_1149_cov_0.990215	1	1149	68	1149	100	7.96258	36	60
P4_41_NODE_807_length_1145_cov_0.515717	1	1145	44	1145	100	5.05153	36.3	59.4
P4_41_NODE_808_length_1143_cov_2.190551	1	1143	173	1143	100	19.007	35.9	58.7
P4_41_NODE_809_length_1141_cov_0.740631	1	1141	47	1141	100	5.19369	36.3	54.7
P4_41_NODE_810_length_1138_cov_0.894164	1	1138	48	1138	100	6.15466	35.3	60
P4_41_NODE_811_length_1138_cov_0.756677	1	1138	42	1138	100	4.93937	36.2	59
P4_41_NODE_812_length_1135_cov_0.740079	1	1135	44	1135	100	5.27401	35.8	59.1
P4_41_NODE_813_length_1135_cov_0.648810	1	1135	33	1135	100	4.26079	36.7	60
P4_41_NODE_814_length_1133_cov_0.585487	1	1133	30	1133	100	3.92233	36	60
P4_41_NODE_815_length_1132_cov_0.709453	1	1132	45	1132	100	5.28004	36.6	59.6
P4_41_NODE_816_length_1132_cov_0.564179	1	1132	38	1132	100	4.34187	36.3	60
P4_41_NODE_817_length_1131_cov_0.731076	1	1131	47	1131	100	5.60124	36.1	60
P4_41_NODE_818_length_1126_cov_0.784785	1	1126	41	1126	100	5.34281	36.7	60
P4_41_NODE_819_length_1126_cov_0.628629	1	1126	32	1126	100	3.89076	36.6	58.8
P4_41_NODE_820_length_1126_cov_0.611612	1	1126	34	1126	100	4.03552	36	60
P4_41_NODE_821_length_1126_cov_0.455455	1	1126	39	1126	100	4.59858	36.3	59
P4_41_NODE_822_length_1125_cov_0.531062	1	1125	25	1125	100	3.29867	35.5	60
P4_41_NODE_823_length_1122_cov_1.200000	1	1122	62	1122	100	7.85829	36.3	60
P4_41_NODE_824_length_1122_cov_0.870352	1	1122	57	1122	100	6.91622	35.4	59.3
P4_41_NODE_825_length_1120_cov_0.398792	1	1120	28	1120	100	3.11607	35.9	60
P4_41_NODE_826_length_1114_cov_1.004053	1	1114	55	1114	100	6.91203	35.2	58.8
P4_41_NODE_827_length_1114_cov_0.939210	1	1114	65	1114	100	7.62118	36	59.6
P4_41_NODE_828_length_1113_cov_0.695740	1	1113	31	1113	100	4.07457	36.4	60
P4_41_NODE_829_length_1113_cov_0.685598	1	1113	34	1113	100	4.44385	36.4	60
P4_41_NODE_830_length_1112_cov_0.413198	1	1112	25	1112	100	2.96493	35.9	57.5
P4_41_NODE_831_length_1111_cov_1.323171	1	1111	72	1055	94.9595	8.86949	36.3	59.4
P4_41_NODE_832_length_1111_cov_0.566057	1	1111	26	1111	100	3.48695	36.6	60
P4_41_NODE_833_length_1110_cov_4.052899	1	1110	302	1110	100	36.1486	36.3	51.6
P4_41_NODE_834_length_1110_cov_0.457782	1	1110	29	1110	100	3.48018	36.2	60
P4_41_NODE_835_length_1108_cov_0.511723	1	1108	29	1108	100	3.71661	35.7	60
P4_41_NODE_836_length_1106_cov_0.816139	1	1106	42	1106	100	5.47197	36.3	60
P4_41_NODE_837_length_1106_cov_0.474974	1	1106	33	1106	100	3.34177	36.2	49.9
P4_41_NODE_838_length_1105_cov_0.520450	1	1105	29	1105	100	3.65701	36.3	60
P4_41_NODE_839_length_1104_cov_0.426817	1	1104	36	1104	100	3.86775	36	58.3
P4_41_NODE_840_length_1103_cov_0.713115	1	1103	39	1103	100	4.72711	36.4	57.4
P4_41_NODE_841_length_1103_cov_0.446721	1	1103	90	1103	100	8.85222	36.2	46.2
P4_41_NODE_842_length_1100_cov_0.472765	1	1100	29	1100	100	3.64455	36.9	60
P4_41_NODE_843_length_1099_cov_0.549383	1	1099	39	1099	100	4.31665	36.2	59.8
P4_41_NODE_844_length_1099_cov_0.395062	1	1099	28	1099	100	3.54049	35.7	60
P4_41_NODE_845_length_1098_cov_0.447992	1	1098	23	1098	100	2.85792	36.4	54.8
P4_41_NODE_846_length_1096_cov_0.458204	1	1096	24	1096	100	3.21715	35.4	60
P4_41_NODE_847_length_1095_cov_0.565083	1	1095	42	1095	100	4.63836	35.5	57.8
P4_41_NODE_848_length_1094_cov_0.921406	1	1094	57	1094	100	6.89488	35.8	60
P4_41_NODE_849_length_1093_cov_0.688406	1	1093	41	1093	100	4.785	36.4	60
P4_41_NODE_850_length_1092_cov_1.024870	1	1092	64	1092	100	7.8315	36.3	59.8
P4_41_NODE_851_length_1092_cov_0.718135	1	1092	51	1092	100	6.30769	35.9	60
P4_41_NODE_852_length_1092_cov_0.552332	1	1092	35	1092	100	4.09158	36	58.1
P4_41_NODE_853_length_1092_cov_0.496373	1	1092	24	1092	100	3.18315	35.8	60
P4_41_NODE_854_length_1090_cov_0.618899	1	1090	42	1090	100	5.09358	35.8	57.1
P4_41_NODE_855_length_1088_cov_0.572320	1	1088	27	1088	100	3.55974	36.1	60
P4_41_NODE_856_length_1087_cov_0.486458	1	1087	28	1087	100	3.14627	36.4	58.3
P4_41_NODE_857_length_1086_cov_0.765381	1	1086	53	1086	100	6.28453	36.6	60
P4_41_NODE_858_length_1086_cov_0.665276	1	1086	48	1086	100	5.4558	36.2	56.9
P4_41_NODE_859_length_1086_cov_0.641293	1	1086	30	1086	100	4	36.2	60
P4_41_NODE_860_length_1082_cov_0.412565	1	1082	30	1082	100	3.18392	36.1	54.7
P4_41_NODE_861_length_1081_cov_0.564990	1	1081	33	1081	100	4.06753	35.6	59.2
P4_41_NODE_862_length_1080_cov_0.642183	1	1080	38	1070	99.0741	4.66852	35.5	56.8
P4_41_NODE_863_length_1079_cov_0.527311	1	1079	32	1079	100	4.08526	36.1	60
P4_41_NODE_864_length_1078_cov_0.638275	1	1078	46	1078	100	5.49722	35.4	57.4
P4_41_NODE_865_length_1076_cov_0.419389	1	1076	24	1076	100	2.96283	36.1	55
P4_41_NODE_866_length_1075_cov_0.962025	1	1075	65	1075	100	7.6986	35.6	59.6
P4_41_NODE_867_length_1075_cov_0.693038	1	1075	39	1075	100	4.86977	35.6	60
P4_41_NODE_868_length_1075_cov_0.489451	1	1075	23	1075	100	3.0586	36.3	59.7
P4_41_NODE_869_length_1072_cov_0.372487	1	1072	25	1072	100	3.25933	36.4	60
P4_41_NODE_870_length_1071_cov_1.063559	1	1071	56	1071	100	7.32493	35.7	59.6
P4_41_NODE_871_length_1071_cov_0.793432	1	1071	40	1071	100	5.08777	36.1	60
P4_41_NODE_872_length_1071_cov_0.547669	1	1071	37	1071	100	4.05696	35.6	54.1
P4_41_NODE_873_length_1069_cov_0.850318	1	1069	44	1069	100	5.61553	36.4	59.4
P4_41_NODE_874_length_1067_cov_0.681915	1	1067	40	1067	100	5.24555	36.1	60
P4_41_NODE_875_length_1067_cov_0.619149	1	1067	46	1067	100	5.19963	35.7	53
P4_41_NODE_876_length_1067_cov_0.602128	1	1067	30	1067	100	4.1134	36.3	60
P4_41_NODE_877_length_1067_cov_0.428723	1	1067	36	1067	100	3.81818	35	59.2
P4_41_NODE_878_length_1066_cov_0.796592	1	1066	42	1066	100	5.47842	35.7	57.6
P4_41_NODE_879_length_1061_cov_0.380086	1	1061	23	1061	100	2.99529	36.3	60
P4_41_NODE_880_length_1060_cov_0.877814	1	1060	43	1060	100	5.82642	36.4	60
P4_41_NODE_881_length_1060_cov_0.569132	1	1060	57	1060	100	5.74623	35.4	53.3
P4_41_NODE_882_length_1056_cov_0.393972	1	1056	27	1056	100	3.61648	35.7	60
P4_41_NODE_883_length_1056_cov_0.331539	1	1056	32	1056	100	3.50758	36.3	57.5
P4_41_NODE_884_length_1055_cov_2.758621	1	1055	125	1036	98.1991	16.981	36.1	57.4
P4_41_NODE_885_length_1055_cov_0.737069	1	1055	43	1055	100	5.47678	36.1	60
P4_41_NODE_886_length_1054_cov_0.960086	1	1054	49	1054	100	6.60436	36.5	60
P4_41_NODE_887_length_1053_cov_0.897408	1	1053	45	1053	100	5.58879	36.3	59.6
P4_41_NODE_888_length_1052_cov_1.028108	1	1052	49	1020	96.9582	5.84601	36.2	58.3
P4_41_NODE_889_length_1050_cov_0.431203	1	1050	25	1050	100	2.90952	36.3	54
P4_41_NODE_890_length_1049_cov_0.444685	1	1049	23	1049	100	3.17159	35.8	60
P4_41_NODE_891_length_1049_cov_0.301518	1	1049	12	1049	100	1.72736	35.9	60
P4_41_NODE_892_length_1048_cov_0.649294	1	1048	44	1048	100	5.07156	35.2	59.8
P4_41_NODE_893_length_1045_cov_0.671024	1	1045	41	1045	100	5.25742	36.5	60
P4_41_NODE_894_length_1042_cov_0.577049	1	1042	40	1042	100	4.85509	35.9	59
P4_41_NODE_895_length_1042_cov_0.514754	1	1042	36	1042	100	4.21785	35.8	60
P4_41_NODE_896_length_1042_cov_0.398907	1	1042	25	1042	100	3.13052	36.4	60
P4_41_NODE_897_length_1041_cov_0.278993	1	1041	13	1041	100	1.88569	36.4	60
P4_41_NODE_898_length_1040_cov_0.249726	1	1040	34	1040	100	3.74038	36.4	51.4
P4_41_NODE_899_length_1039_cov_0.751096	1	1039	33	1039	100	4.61501	36.1	60
P4_41_NODE_900_length_1033_cov_0.932671	1	1033	44	1033	100	6.11713	36.4	60
P4_41_NODE_901_length_1033_cov_0.810155	1	1033	45	1033	100	6.02711	35.5	60
P4_41_NODE_902_length_1032_cov_0.446409	1	1032	25	1032	100	3.40116	35.8	60
P4_41_NODE_903_length_1031_cov_1.057522	1	1031	53	1031	100	7.27546	36	60
P4_41_NODE_904_length_1029_cov_0.371397	1	1029	30	1029	100	3.85714	35.8	60
P4_41_NODE_905_length_1025_cov_0.716036	1	1025	45	1025	100	4.97756	36.2	51.3
P4_41_NODE_906_length_1025_cov_0.492205	1	1025	25	1015	99.0244	3.45951	36.6	60
P4_41_NODE_907_length_1025_cov_0.434298	1	1025	32	1025	100	3.87122	36.6	60
P4_41_NODE_908_length_1024_cov_0.830546	1	1024	50	1024	100	5.90527	36	57.7
P4_41_NODE_909_length_1022_cov_1.497207	1	1022	81	1022	100	10.6194	36.5	59.6
P4_41_NODE_910_length_1022_cov_0.864804	1	1022	46	1022	100	6.46575	35.8	60
P4_41_NODE_911_length_1021_cov_0.672260	1	1021	27	1021	100	3.95886	36.6	60
P4_41_NODE_912_length_1020_cov_1.566629	1	1020	155	1020	100	18.4853	35.8	49
P4_41_NODE_913_length_1020_cov_1.044793	1	1020	55	1020	100	7.28922	35.7	60
P4_41_NODE_914_length_1019_cov_0.368834	1	1019	27	1019	100	3.45633	35.9	60
P4_41_NODE_915_length_1018_cov_1.019080	1	1018	66	1018	100	8.03045	35.7	55.2
P4_41_NODE_916_length_1018_cov_0.689113	1	1018	35	1018	100	4.92829	35.9	60
P4_41_NODE_917_length_1014_cov_0.593010	1	1014	30	1014	100	4.02268	35.9	60
P4_41_NODE_918_length_1014_cov_0.472379	1	1014	27	1014	100	3.33925	36.2	60
P4_41_NODE_919_length_1013_cov_3.139955	1	1013	299	1013	100	34.7759	34.8	53.1
P4_41_NODE_920_length_1011_cov_0.661765	1	1011	35	1011	100	4.75173	36.2	59.6
P4_41_NODE_921_length_1010_cov_0.608154	1	1010	32	1010	100	4.13267	35.9	58.8
P4_41_NODE_922_length_1007_cov_0.371591	1	1007	21	1007	100	2.91559	36.2	60
P4_41_NODE_923_length_1006_cov_0.745165	1	1006	38	1006	100	5.23757	36.5	60
P4_41_NODE_924_length_1006_cov_0.317406	1	1006	26	1006	100	3.21074	35.3	59.1
P4_41_NODE_925_length_1005_cov_0.453303	1	1005	38	1005	100	4.31244	34.9	55.7
P4_41_NODE_926_length_1004_cov_1.342075	1	1004	62	1004	100	8.58964	35.5	60
P4_41_NODE_927_length_1004_cov_0.920182	1	1004	45	1004	100	6.2998	36.2	60
P4_41_NODE_928_length_1003_cov_0.849315	1	1003	43	1003	100	5.67398	36	53.4
P4_41_NODE_929_length_1001_cov_0.657895	1	1001	36	1001	100	4.82418	36.2	58.7
P4_41_NODE_930_length_1000_cov_0.469645	1	1000	27	1000	100	3.584	35.6	55.6
