Species	"Exonic"	"Intronic"	"UTR"	"Intergenic"	"Length_Genome"	"Proteins_predicted"	"Intron_count_median"	"Intron_count9thdecile"	"Intron_Length"	"CDS length"	"Gene_density_per_100Kb_genome"	"Intron_density_per_Kb_of_CDS"
Bigelowiella_natans	20.722924	24.002178	0	46.538843	91405885	47183	3	11	908.015429285968	1103	51.6192146709153	2.69927757339535
Calcidiscus_leptoporus	12.661435	45.75555	0	394.443823	452878705	19484	2	9	2617.18014781357	1337	4.3022557220923	0.975321057851512
Chrysophyceae_sp._TOSAG23-4	5.013099	0.627406	0.009024	9.448198	15909835	3050	1	5	206.266885245902	1383	19.1705319382633	1.1186903474642
Chrysophyceae_sp._TOSAG23-5	2.34723	0.432121	0.004695	6.861972	10586802	1637	1	5	265.764202810018	1321	15.4626486827656	1.08767582082819
Chrysotila_carterae	13.563211	37.473038	0	400.712217	451748466	23090	1	7	2380.11468168037	1405	5.11125144584332	0.778517153797649
Gephyrocapsa_huxleyi	39.767118	26.643874	0.115671	101.139986	167675649	38559	2	6	690.996836017535	1244	22.9961835424296	1.44666567409415
Ochromonadaceae_sp._CCMP2298	21.074613	9.825478	0.060342	30.253764	61116754	20116	1	5	488.446858222274	1201	32.914051685402	1.17573628858071
Phaeocystis_globosa	51.572181	42.517869	0.097854	35.481212	129669116	32618	2	13	1303.50938132322	2046	25.1547947623858	1.65870555947396
Prymnesium_parvum	45.609493	76.196452	0	114.200753	236006698	75234	1	6	2298.07372996279	1124	31.8779088210454	0.687030323723836
